"LAKNAM","MIDAS","STATION","SAMPDATE","Core_depth","Sample_depth","Units","Type","pH","pH_Meth","pH_Lab","Color","A_T","Color_Meth","Color_Lab","Cond","Cond_Meth","Cond_Lab","Notes","Alkalinity","Alk_Meth","Alk_Lab","Labwork_by","TP_Label","TP_ppb","TP_Rep","TP_Lab","CHL_ppb","CHL_Rep","CHL_Lab"
"Annabessacook",9961,1,2022-07-26,6,6,"M","C",NA,"E","D",NA,"T","Sp","D",NA,"LM","D","Cell Constant 1.08,",NA,"B","D","Bacon, Linda",NA,NA,1,"H",7,1,"H"
"Annabessacook",9961,1,2022-07-26,6,0.5,"M","G",NA,"E","D",NA,"T","Sp","D",NA,"LM","D","Cell Constant 1.08,",NA,"B","D","Bacon, Linda","KAA0.5G",8,1,"H",NA,1,"H"
"Annabessacook",9961,1,2022-07-26,6,2.5,"M","G",NA,"E","D",NA,"T","Sp","D",NA,"LM","D","Cell Constant 1.08,",NA,"B","D","Bacon, Linda","KAA2.5G",11,1,"H",NA,1,"H"
"Annabessacook",9961,1,2022-07-26,6,4.5,"M","G",NA,"E","D",NA,"T","Sp","D",NA,"LM","D","Cell Constant 1.08,",NA,"B","D","Bacon, Linda","KAA4.5G",13,1,"H",NA,1,"H"
"Annabessacook",9961,1,2022-07-26,6,6.5,"M","C",NA,"E","D",NA,"T","Sp","D",NA,"LM","D","Cell Constant 1.08,",NA,"B","D","Bacon, Linda","KAA6.5G",19,1,"H",NA,1,"H"
"Annabessacook",9961,1,2022-07-26,6,8,"M","G",NA,"E","D",NA,"T","Sp","D",NA,"LM","D","Cell Constant 1.08,",NA,"B","D","Bacon, Linda","KAA8G",19,1,"H",NA,1,"H"
"Annabessacook",9961,1,2022-07-26,6,9.5,"M","G",NA,"E","D",NA,"T","Sp","D",NA,"LM","D","Cell Constant 1.08,",NA,"B","D","Bacon, Linda","KAA9.5G",31,1,"H",NA,1,"H"
"Annabessacook",9961,1,2022-07-26,6,11,"M","G",NA,"E","D",NA,"T","Sp","D",NA,"LM","D","Cell Constant 1.08,",NA,"B","D","Bacon, Linda","KAA11G",140,1,"H",NA,1,"H"
"Annabessacook",9961,1,2022-07-26,6,6,"M","C",NA,"E","D",NA,"T","Sp","D",NA,"LM","D","Cell Constant 1.08,",NA,"B","D","Bacon, Linda",NA,NA,1,"H",7,1,"H"
"Annabessacook",9961,1,2022-07-26,6,0.5,"M","G",NA,"E","D",NA,"T","Sp","D",NA,"LM","D","Cell Constant 1.08,",NA,"B","D","Bacon, Linda","KAA0.5G",8,1,"H",NA,1,"H"
"Annabessacook",9961,1,2022-07-26,6,2.5,"M","G",NA,"E","D",NA,"T","Sp","D",NA,"LM","D","Cell Constant 1.08,",NA,"B","D","Bacon, Linda","KAA2.5G",11,1,"H",NA,1,"H"
"Annabessacook",9961,1,2022-07-26,6,4.5,"M","G",NA,"E","D",NA,"T","Sp","D",NA,"LM","D","Cell Constant 1.08,",NA,"B","D","Bacon, Linda","KAA4.5G",13,1,"H",NA,1,"H"
"Annabessacook",9961,1,2022-07-26,6,6.5,"M","C",NA,"E","D",NA,"T","Sp","D",NA,"LM","D","Cell Constant 1.08,",NA,"B","D","Bacon, Linda","KAA6.5G",19,1,"H",NA,1,"H"
"Annabessacook",9961,1,2022-07-26,6,8,"M","G",NA,"E","D",NA,"T","Sp","D",NA,"LM","D","Cell Constant 1.08,",NA,"B","D","Bacon, Linda","KAA8G",19,1,"H",NA,1,"H"
"Annabessacook",9961,1,2022-07-26,6,9.5,"M","G",NA,"E","D",NA,"T","Sp","D",NA,"LM","D","Cell Constant 1.08,",NA,"B","D","Bacon, Linda","KAA9.5G",31,1,"H",NA,1,"H"
"Annabessacook",9961,1,2022-07-26,6,11,"M","G",NA,"E","D",NA,"T","Sp","D",NA,"LM","D","Cell Constant 1.08,",NA,"B","D","Bacon, Linda","KAA11G",140,1,"H",NA,1,"H"
"Annabessacook",9961,1,2022-08-31,6,0.5,"M","G",NA,"E","D",NA,"T","Sp","D",NA,"LM","D","Cell Constant 1.08,",NA,"B","D","Bacon, Linda","KAA0.5G",19,1,"H",NA,1,"H"
"Annabessacook",9961,1,2022-08-31,6,1.5,"M","G",NA,"E","D",NA,"T","Sp","D",NA,"LM","D","Cell Constant 1.08,",NA,"B","D","Bacon, Linda","KAA1.5G",18,1,"H",NA,1,"H"
"Annabessacook",9961,1,2022-08-31,6,1.5,"M","G",NA,"E","D",NA,"T","Sp","D",NA,"LM","D","Cell Constant 1.08,",NA,"B","D","Bacon, Linda","KAA1.5G2",21,2,"H",NA,1,"H"
"Annabessacook",9961,1,2022-08-31,6,2.5,"M","G",NA,"E","D",NA,"T","Sp","D",NA,"LM","D","Cell Constant 1.08,",NA,"B","D","Bacon, Linda","KAA2.5G",18,1,"H",NA,1,"H"
"Annabessacook",9961,1,2022-08-31,6,4.5,"M","G",NA,"E","D",NA,"T","Sp","D",NA,"LM","D","Cell Constant 1.08,",NA,"B","D","Bacon, Linda","KAA4.5G",21,1,"H",NA,1,"H"
"Annabessacook",9961,1,2022-08-31,6,6.5,"M","G",NA,"E","D",NA,"T","Sp","D",NA,"LM","D","Cell Constant 1.08,",NA,"B","D","Bacon, Linda","KAA6.5G",15,1,"H",NA,1,"H"
"Annabessacook",9961,1,2022-08-31,6,7.5,"M","G",NA,"E","D",NA,"T","Sp","D",NA,"LM","D","Cell Constant 1.08,",NA,"B","D","Bacon, Linda","KAA7.5G",15,1,"H",NA,1,"H"
"Annabessacook",9961,1,2022-08-31,6,8.5,"M","G",NA,"E","D",NA,"T","Sp","D",NA,"LM","D","Cell Constant 1.08,",NA,"B","D","Bacon, Linda","KAA8.5G",65,1,"H",NA,1,"H"
"Annabessacook",9961,1,2022-08-31,6,9.5,"M","G",NA,"E","D",NA,"T","Sp","D",NA,"LM","D","Cell Constant 1.08,",NA,"B","D","Bacon, Linda","KAA9.5G",53,1,"H",NA,1,"H"
"Annabessacook",9961,1,2022-08-31,6,10.5,"M","G",NA,"E","D",NA,"T","Sp","D",NA,"LM","D","Cell Constant 1.08,",NA,"B","D","Bacon, Linda","KAA10.5G",84,1,"H",NA,1,"H"
"Annabessacook",9961,1,2022-08-31,6,11.4,"M","G",NA,"E","D",NA,"T","Sp","D",NA,"LM","D","Cell Constant 1.08,",NA,"B","D","Bacon, Linda","KAA11.4G",190,1,"H",NA,1,"H"
"Annabessacook",9961,1,2022-08-31,6,0.5,"M","G",NA,"E","D",NA,"T","Sp","D",NA,"LM","D","Cell Constant 1.08,",NA,"B","D","Bacon, Linda","KAA0.5G",19,1,"H",NA,1,"H"
"Annabessacook",9961,1,2022-08-31,6,1.5,"M","G",NA,"E","D",NA,"T","Sp","D",NA,"LM","D","Cell Constant 1.08,",NA,"B","D","Bacon, Linda","KAA1.5G",18,1,"H",NA,1,"H"
"Annabessacook",9961,1,2022-08-31,6,1.5,"M","G",NA,"E","D",NA,"T","Sp","D",NA,"LM","D","Cell Constant 1.08,",NA,"B","D","Bacon, Linda","KAA1.5G2",21,2,"H",NA,1,"H"
"Annabessacook",9961,1,2022-08-31,6,2.5,"M","G",NA,"E","D",NA,"T","Sp","D",NA,"LM","D","Cell Constant 1.08,",NA,"B","D","Bacon, Linda","KAA2.5G",18,1,"H",NA,1,"H"
"Annabessacook",9961,1,2022-08-31,6,4.5,"M","G",NA,"E","D",NA,"T","Sp","D",NA,"LM","D","Cell Constant 1.08,",NA,"B","D","Bacon, Linda","KAA4.5G",21,1,"H",NA,1,"H"
"Annabessacook",9961,1,2022-08-31,6,6.5,"M","G",NA,"E","D",NA,"T","Sp","D",NA,"LM","D","Cell Constant 1.08,",NA,"B","D","Bacon, Linda","KAA6.5G",15,1,"H",NA,1,"H"
"Annabessacook",9961,1,2022-08-31,6,7.5,"M","G",NA,"E","D",NA,"T","Sp","D",NA,"LM","D","Cell Constant 1.08,",NA,"B","D","Bacon, Linda","KAA7.5G",15,1,"H",NA,1,"H"
"Annabessacook",9961,1,2022-08-31,6,8.5,"M","G",NA,"E","D",NA,"T","Sp","D",NA,"LM","D","Cell Constant 1.08,",NA,"B","D","Bacon, Linda","KAA8.5G",65,1,"H",NA,1,"H"
"Annabessacook",9961,1,2022-08-31,6,9.5,"M","G",NA,"E","D",NA,"T","Sp","D",NA,"LM","D","Cell Constant 1.08,",NA,"B","D","Bacon, Linda","KAA9.5G",53,1,"H",NA,1,"H"
"Annabessacook",9961,1,2022-08-31,6,10.5,"M","G",NA,"E","D",NA,"T","Sp","D",NA,"LM","D","Cell Constant 1.08,",NA,"B","D","Bacon, Linda","KAA10.5G",84,1,"H",NA,1,"H"
"Annabessacook",9961,1,2022-08-31,6,11.4,"M","G",NA,"E","D",NA,"T","Sp","D",NA,"LM","D","Cell Constant 1.08,",NA,"B","D","Bacon, Linda","KAA11.4G",190,1,"H",NA,1,"H"
"Annabessacook",9961,1,2022-11-07,9,9,"M","C",NA,"E","D",NA,"T","Sp","D",NA,"LM","D","Cell Constant 1.08,",NA,"B","D","Bacon, Linda","KAA9C1",16,1,"H",6,1,"H"
"Annabessacook",9961,1,2022-11-07,9,9,"M","C",NA,"E","D",NA,"T","Sp","D",NA,"LM","D","Cell Constant 1.08,",NA,"B","D","Bacon, Linda","KAA9C2",17,2,"H",6,2,"H"
"Annabessacook",9961,1,2022-11-07,9,12,"M","G",NA,"E","D",NA,"T","Sp","D",NA,"LM","D","Cell Constant 1.08,",NA,"B","D","Bacon, Linda","KAA12BG",29,1,"H",NA,1,"H"
"Annabessacook",9961,1,2022-11-07,9,9,"M","C",NA,"E","D",NA,"T","Sp","D",NA,"LM","D","Cell Constant 1.08,",NA,"B","D","Bacon, Linda","KAA9C1",16,1,"H",6,1,"H"
"Annabessacook",9961,1,2022-11-07,9,9,"M","C",NA,"E","D",NA,"T","Sp","D",NA,"LM","D","Cell Constant 1.08,",NA,"B","D","Bacon, Linda","KAA9C2",17,2,"H",6,2,"H"
"Annabessacook",9961,1,2022-11-07,9,12,"M","G",NA,"E","D",NA,"T","Sp","D",NA,"LM","D","Cell Constant 1.08,",NA,"B","D","Bacon, Linda","KAA12BG",29,1,"H",NA,1,"H"
"Annabessacook",9961,1,2022-05-11,NA,NA,NA,NA,NA,NA,NA,NA,NA,NA,NA,NA,NA,NA,NA,NA,NA,NA,NA,NA,NA,NA,NA,NA,NA,NA
"Annabessacook",9961,1,2022-05-11,NA,NA,NA,NA,NA,NA,NA,NA,NA,NA,NA,NA,NA,NA,NA,NA,NA,NA,NA,NA,NA,NA,NA,NA,NA,NA
"Annabessacook",9961,1,2022-05-21,NA,NA,NA,NA,NA,NA,NA,NA,NA,NA,NA,NA,NA,NA,NA,NA,NA,NA,NA,NA,NA,NA,NA,NA,NA,NA
"Annabessacook",9961,1,2022-05-21,NA,NA,NA,NA,NA,NA,NA,NA,NA,NA,NA,NA,NA,NA,NA,NA,NA,NA,NA,NA,NA,NA,NA,NA,NA,NA
"Annabessacook",9961,1,2022-06-17,NA,NA,NA,NA,NA,NA,NA,NA,NA,NA,NA,NA,NA,NA,NA,NA,NA,NA,NA,NA,NA,NA,NA,NA,NA,NA
"Annabessacook",9961,1,2022-06-17,NA,NA,NA,NA,NA,NA,NA,NA,NA,NA,NA,NA,NA,NA,NA,NA,NA,NA,NA,NA,NA,NA,NA,NA,NA,NA
"Annabessacook",9961,1,2022-06-29,NA,NA,NA,NA,NA,NA,NA,NA,NA,NA,NA,NA,NA,NA,NA,NA,NA,NA,NA,NA,NA,NA,NA,NA,NA,NA
"Annabessacook",9961,1,2022-06-29,NA,NA,NA,NA,NA,NA,NA,NA,NA,NA,NA,NA,NA,NA,NA,NA,NA,NA,NA,NA,NA,NA,NA,NA,NA,NA
"Annabessacook",9961,1,2022-07-10,NA,NA,NA,NA,NA,NA,NA,NA,NA,NA,NA,NA,NA,NA,NA,NA,NA,NA,NA,NA,NA,NA,NA,NA,NA,NA
"Annabessacook",9961,1,2022-07-10,NA,NA,NA,NA,NA,NA,NA,NA,NA,NA,NA,NA,NA,NA,NA,NA,NA,NA,NA,NA,NA,NA,NA,NA,NA,NA
"Annabessacook",9961,1,2022-07-27,NA,NA,NA,NA,NA,NA,NA,NA,NA,NA,NA,NA,NA,NA,NA,NA,NA,NA,NA,NA,NA,NA,NA,NA,NA,NA
"Annabessacook",9961,1,2022-07-27,NA,NA,NA,NA,NA,NA,NA,NA,NA,NA,NA,NA,NA,NA,NA,NA,NA,NA,NA,NA,NA,NA,NA,NA,NA,NA
"Annabessacook",9961,1,2022-08-05,NA,NA,NA,NA,NA,NA,NA,NA,NA,NA,NA,NA,NA,NA,NA,NA,NA,NA,NA,NA,NA,NA,NA,NA,NA,NA
"Annabessacook",9961,1,2022-08-05,NA,NA,NA,NA,NA,NA,NA,NA,NA,NA,NA,NA,NA,NA,NA,NA,NA,NA,NA,NA,NA,NA,NA,NA,NA,NA
"Annabessacook",9961,1,2022-08-10,NA,NA,NA,NA,NA,NA,NA,NA,NA,NA,NA,NA,NA,NA,NA,NA,NA,NA,NA,NA,NA,NA,NA,NA,NA,NA
"Annabessacook",9961,1,2022-08-10,NA,NA,NA,NA,NA,NA,NA,NA,NA,NA,NA,NA,NA,NA,NA,NA,NA,NA,NA,NA,NA,NA,NA,NA,NA,NA
"Annabessacook",9961,1,2022-08-16,NA,NA,NA,NA,NA,NA,NA,NA,NA,NA,NA,NA,NA,NA,NA,NA,NA,NA,NA,NA,NA,NA,NA,NA,NA,NA
"Annabessacook",9961,1,2022-08-16,NA,NA,NA,NA,NA,NA,NA,NA,NA,NA,NA,NA,NA,NA,NA,NA,NA,NA,NA,NA,NA,NA,NA,NA,NA,NA
"Annabessacook",9961,1,2022-08-26,NA,NA,NA,NA,NA,NA,NA,NA,NA,NA,NA,NA,NA,NA,NA,NA,NA,NA,NA,NA,NA,NA,NA,NA,NA,NA
"Annabessacook",9961,1,2022-08-26,NA,NA,NA,NA,NA,NA,NA,NA,NA,NA,NA,NA,NA,NA,NA,NA,NA,NA,NA,NA,NA,NA,NA,NA,NA,NA
"Annabessacook",9961,1,2022-09-09,NA,NA,NA,NA,NA,NA,NA,NA,NA,NA,NA,NA,NA,NA,NA,NA,NA,NA,NA,NA,NA,NA,NA,NA,NA,NA
"Annabessacook",9961,1,2022-09-09,NA,NA,NA,NA,NA,NA,NA,NA,NA,NA,NA,NA,NA,NA,NA,NA,NA,NA,NA,NA,NA,NA,NA,NA,NA,NA
"Annabessacook",9961,1,2022-09-30,NA,NA,NA,NA,NA,NA,NA,NA,NA,NA,NA,NA,NA,NA,NA,NA,NA,NA,NA,NA,NA,NA,NA,NA,NA,NA
"Annabessacook",9961,1,2022-09-30,NA,NA,NA,NA,NA,NA,NA,NA,NA,NA,NA,NA,NA,NA,NA,NA,NA,NA,NA,NA,NA,NA,NA,NA,NA,NA
"Annabessacook",9961,2,2021-07-26,5,5,"M","C",NA,"E","D",NA,"T","Sp","D",NA,"LM","D","Cell Constant 1.08,",NA,"B","D","Bacon, Linda","KAE5C",10,1,"H",4,1,"H"
"Annabessacook",9961,2,2021-07-26,5,5,"M","C",NA,"E","D",NA,"T","Sp","D",NA,"LM","D","Cell Constant 1.08,",NA,"B","D","Bacon, Linda","KAE5Cdup",12,2,"H",NA,1,"H"
"Annabessacook",9961,2,2021-07-26,5,5,"M","C",NA,"E","D",NA,"T","Sp","D",NA,"LM","D","Cell Constant 1.08,",NA,"B","D","Bacon, Linda","KAE5C",10,1,"H",4,1,"H"
"Annabessacook",9961,2,2021-07-26,5,5,"M","C",NA,"E","D",NA,"T","Sp","D",NA,"LM","D","Cell Constant 1.08,",NA,"B","D","Bacon, Linda","KAE5Cdup",12,2,"H",NA,1,"H"
"Annabessacook",9961,2,2022-11-07,5,5,"M","C",NA,"E","D",NA,"T","Sp","D",NA,"LM","D","Cell Constant 1.08,",NA,"B","D","Bacon, Linda","KAE5C",17,1,"H",7,1,"H"
"Annabessacook",9961,2,2022-11-07,5,5,"M","C",NA,"E","D",NA,"T","Sp","D",NA,"LM","D","Cell Constant 1.08,",NA,"B","D","Bacon, Linda","KAE5C",17,1,"H",7,1,"H"
"Annabessacook",9961,2,2022-05-22,NA,NA,NA,NA,NA,NA,NA,NA,NA,NA,NA,NA,NA,NA,NA,NA,NA,NA,NA,NA,NA,NA,NA,NA,NA,NA
"Annabessacook",9961,2,2022-05-22,NA,NA,NA,NA,NA,NA,NA,NA,NA,NA,NA,NA,NA,NA,NA,NA,NA,NA,NA,NA,NA,NA,NA,NA,NA,NA
"Annabessacook",9961,2,2022-06-17,NA,NA,NA,NA,NA,NA,NA,NA,NA,NA,NA,NA,NA,NA,NA,NA,NA,NA,NA,NA,NA,NA,NA,NA,NA,NA
"Annabessacook",9961,2,2022-06-17,NA,NA,NA,NA,NA,NA,NA,NA,NA,NA,NA,NA,NA,NA,NA,NA,NA,NA,NA,NA,NA,NA,NA,NA,NA,NA
"Annabessacook",9961,2,2022-06-26,NA,NA,NA,NA,NA,NA,NA,NA,NA,NA,NA,NA,NA,NA,NA,NA,NA,NA,NA,NA,NA,NA,NA,NA,NA,NA
"Annabessacook",9961,2,2022-06-26,NA,NA,NA,NA,NA,NA,NA,NA,NA,NA,NA,NA,NA,NA,NA,NA,NA,NA,NA,NA,NA,NA,NA,NA,NA,NA
"Annabessacook",9961,1,2022-07-27,NA,NA,NA,NA,NA,NA,NA,NA,NA,NA,NA,NA,NA,NA,NA,NA,NA,NA,NA,NA,NA,NA,NA,NA,NA,NA
"Annabessacook",9961,1,2022-07-27,NA,NA,NA,NA,NA,NA,NA,NA,NA,NA,NA,NA,NA,NA,NA,NA,NA,NA,NA,NA,NA,NA,NA,NA,NA,NA
"Annabessacook",9961,2,2022-08-10,NA,NA,NA,NA,NA,NA,NA,NA,NA,NA,NA,NA,NA,NA,NA,NA,NA,NA,NA,NA,NA,NA,NA,NA,NA,NA
"Annabessacook",9961,2,2022-08-10,NA,NA,NA,NA,NA,NA,NA,NA,NA,NA,NA,NA,NA,NA,NA,NA,NA,NA,NA,NA,NA,NA,NA,NA,NA,NA
"Annabessacook",9961,2,2022-08-16,NA,NA,NA,NA,NA,NA,NA,NA,NA,NA,NA,NA,NA,NA,NA,NA,NA,NA,NA,NA,NA,NA,NA,NA,NA,NA
"Annabessacook",9961,2,2022-08-16,NA,NA,NA,NA,NA,NA,NA,NA,NA,NA,NA,NA,NA,NA,NA,NA,NA,NA,NA,NA,NA,NA,NA,NA,NA,NA
"Annabessacook",9961,1,2022-08-30,NA,NA,NA,NA,NA,NA,NA,NA,NA,NA,NA,NA,NA,NA,NA,NA,NA,NA,NA,NA,NA,NA,NA,NA,NA,NA
"Annabessacook",9961,1,2022-08-30,NA,NA,NA,NA,NA,NA,NA,NA,NA,NA,NA,NA,NA,NA,NA,NA,NA,NA,NA,NA,NA,NA,NA,NA,NA,NA
"Annabessacook",9961,1,2022-09-09,NA,NA,NA,NA,NA,NA,NA,NA,NA,NA,NA,NA,NA,NA,NA,NA,NA,NA,NA,NA,NA,NA,NA,NA,NA,NA
"Annabessacook",9961,1,2022-09-09,NA,NA,NA,NA,NA,NA,NA,NA,NA,NA,NA,NA,NA,NA,NA,NA,NA,NA,NA,NA,NA,NA,NA,NA,NA,NA
"Annabessacook",9961,2,2022-09-30,NA,NA,NA,NA,NA,NA,NA,NA,NA,NA,NA,NA,NA,NA,NA,NA,NA,NA,NA,NA,NA,NA,NA,NA,NA,NA
"Annabessacook",9961,2,2022-09-30,NA,NA,NA,NA,NA,NA,NA,NA,NA,NA,NA,NA,NA,NA,NA,NA,NA,NA,NA,NA,NA,NA,NA,NA,NA,NA
"Berry",3828,1,2022-09-06,5,1,"M","G",NA,"E","D",NA,"T","Sp","D",NA,"LM","D","Cell Constant 1.08,",NA,"B","D","Bacon, Linda","KB1G",8,1,"H",NA,1,"H"
"Berry",3828,1,2022-09-06,5,3,"M","G",NA,"E","D",NA,"T","Sp","D",NA,"LM","D","Cell Constant 1.08,",NA,"B","D","Bacon, Linda","KB3G",8,1,"H",NA,1,"H"
"Berry",3828,1,2022-09-06,5,5,"M","G",NA,"E","D",NA,"T","Sp","D",NA,"LM","D","Cell Constant 1.08,",NA,"B","D","Bacon, Linda","KB5G",8,1,"H",NA,1,"H"
"Berry",3828,1,2022-09-06,5,6,"M","G",NA,"E","D",NA,"T","Sp","D",NA,"LM","D","Cell Constant 1.08,",NA,"B","D","Bacon, Linda","KB6G",12,1,"H",NA,1,"H"
"Berry",3828,1,2022-09-06,5,7.5,"M","G",NA,"E","D",NA,"T","Sp","D",NA,"LM","D","Cell Constant 1.08,",NA,"B","D","Bacon, Linda","KB7.5G",18,1,"H",NA,1,"H"
"Buker",5242,1,2022-05-25,NA,NA,NA,NA,NA,NA,NA,NA,NA,NA,NA,NA,NA,NA,NA,NA,NA,NA,NA,NA,NA,NA,NA,NA,NA,NA
"Buker",5242,1,2022-07-29,NA,NA,NA,NA,NA,NA,NA,NA,NA,NA,NA,NA,NA,NA,NA,NA,NA,NA,NA,NA,NA,NA,NA,NA,NA,NA
"Buker",5242,1,2022-08-04,NA,NA,NA,NA,NA,NA,NA,NA,NA,NA,NA,NA,NA,NA,NA,NA,NA,NA,NA,NA,NA,NA,NA,NA,NA,NA
"Buker",5242,1,2022-08-12,NA,NA,NA,NA,NA,NA,NA,NA,NA,NA,NA,NA,NA,NA,NA,NA,NA,NA,NA,NA,NA,NA,NA,NA,NA,NA
"Buker",5242,1,2022-09-04,NA,NA,NA,NA,NA,NA,NA,NA,NA,NA,NA,NA,NA,NA,NA,NA,NA,NA,NA,NA,NA,NA,NA,NA,NA,NA
"Cobbossee",5236,1,2022-07-10,NA,NA,NA,NA,NA,NA,NA,NA,NA,NA,NA,NA,NA,NA,NA,NA,NA,NA,NA,NA,NA,NA,NA,NA,NA,NA
"Cobbossee",5236,1,2022-07-10,NA,NA,NA,NA,NA,NA,NA,NA,NA,NA,NA,NA,NA,NA,NA,NA,NA,NA,NA,NA,NA,NA,NA,NA,NA,NA
"Cobbossee",5236,1,2022-07-15,NA,NA,NA,NA,NA,NA,NA,NA,NA,NA,NA,NA,NA,NA,NA,NA,NA,NA,NA,NA,NA,NA,NA,NA,NA,NA
"Cobbossee",5236,1,2022-07-15,NA,NA,NA,NA,NA,NA,NA,NA,NA,NA,NA,NA,NA,NA,NA,NA,NA,NA,NA,NA,NA,NA,NA,NA,NA,NA
"Cobbossee",5236,1,2022-07-17,NA,NA,NA,NA,NA,NA,NA,NA,NA,NA,NA,NA,NA,NA,NA,NA,NA,NA,NA,NA,NA,NA,NA,NA,NA,NA
"Cobbossee",5236,1,2022-07-17,NA,NA,NA,NA,NA,NA,NA,NA,NA,NA,NA,NA,NA,NA,NA,NA,NA,NA,NA,NA,NA,NA,NA,NA,NA,NA
"Cobbossee",5236,1,2023-07-27,NA,NA,NA,NA,NA,NA,NA,NA,NA,NA,NA,NA,NA,NA,NA,NA,NA,NA,NA,NA,NA,NA,NA,NA,NA,NA
"Cobbossee",5236,1,2023-07-27,NA,NA,NA,NA,NA,NA,NA,NA,NA,NA,NA,NA,NA,NA,NA,NA,NA,NA,NA,NA,NA,NA,NA,NA,NA,NA
"Cobbossee",5236,1,2022-08-01,NA,NA,NA,NA,NA,NA,NA,NA,NA,NA,NA,NA,NA,NA,NA,NA,NA,NA,NA,NA,NA,NA,NA,NA,NA,NA
"Cobbossee",5236,1,2022-08-01,NA,NA,NA,NA,NA,NA,NA,NA,NA,NA,NA,NA,NA,NA,NA,NA,NA,NA,NA,NA,NA,NA,NA,NA,NA,NA
"Cobbossee",5236,1,2022-08-14,NA,NA,NA,NA,NA,NA,NA,NA,NA,NA,NA,NA,NA,NA,NA,NA,NA,NA,NA,NA,NA,NA,NA,NA,NA,NA
"Cobbossee",5236,1,2022-08-14,NA,NA,NA,NA,NA,NA,NA,NA,NA,NA,NA,NA,NA,NA,NA,NA,NA,NA,NA,NA,NA,NA,NA,NA,NA,NA
"Cobbossee",5236,1,2022-09-03,NA,NA,NA,NA,NA,NA,NA,NA,NA,NA,NA,NA,NA,NA,NA,NA,NA,NA,NA,NA,NA,NA,NA,NA,NA,NA
"Cobbossee",5236,1,2022-09-03,NA,NA,NA,NA,NA,NA,NA,NA,NA,NA,NA,NA,NA,NA,NA,NA,NA,NA,NA,NA,NA,NA,NA,NA,NA,NA
"Cobbossee",5236,1,2022-09-09,NA,NA,NA,NA,NA,NA,NA,NA,NA,NA,NA,NA,NA,NA,NA,NA,NA,NA,NA,NA,NA,NA,NA,NA,NA,NA
"Cobbossee",5236,1,2022-09-09,NA,NA,NA,NA,NA,NA,NA,NA,NA,NA,NA,NA,NA,NA,NA,NA,NA,NA,NA,NA,NA,NA,NA,NA,NA,NA
"Cobbossee",5236,1,2022-09-30,NA,NA,NA,NA,NA,NA,NA,NA,NA,NA,NA,NA,NA,NA,NA,NA,NA,NA,NA,NA,NA,NA,NA,NA,NA,NA
"Cobbossee",5236,1,2022-09-30,NA,NA,NA,NA,NA,NA,NA,NA,NA,NA,NA,NA,NA,NA,NA,NA,NA,NA,NA,NA,NA,NA,NA,NA,NA,NA
"Cobbossee",5236,1,2022-10-10,NA,NA,NA,NA,NA,NA,NA,NA,NA,NA,NA,NA,NA,NA,NA,NA,NA,NA,NA,NA,NA,NA,NA,NA,NA,NA
"Cobbossee",5236,1,2022-10-10,NA,NA,NA,NA,NA,NA,NA,NA,NA,NA,NA,NA,NA,NA,NA,NA,NA,NA,NA,NA,NA,NA,NA,NA,NA,NA
"Cobbossee",5236,1,2022-10-16,NA,NA,NA,NA,NA,NA,NA,NA,NA,NA,NA,NA,NA,NA,NA,NA,NA,NA,NA,NA,NA,NA,NA,NA,NA,NA
"Cobbossee",5236,1,2022-10-16,NA,NA,NA,NA,NA,NA,NA,NA,NA,NA,NA,NA,NA,NA,NA,NA,NA,NA,NA,NA,NA,NA,NA,NA,NA,NA
"Cobbossee",5236,1,2022-10-30,NA,NA,NA,NA,NA,NA,NA,NA,NA,NA,NA,NA,NA,NA,NA,NA,NA,NA,NA,NA,NA,NA,NA,NA,NA,NA
"Cobbossee",5236,1,2022-10-30,NA,NA,NA,NA,NA,NA,NA,NA,NA,NA,NA,NA,NA,NA,NA,NA,NA,NA,NA,NA,NA,NA,NA,NA,NA,NA
"Cobbossee",5236,1,2022-08-31,8,1,"M","G",NA,"E","D",NA,"T","Sp","D",NA,"LM","D","Cell Constant 1.08,",NA,"B","D","Bacon, Linda","KCS1G",10,1,"H",NA,1,"H"
"Cobbossee",5236,1,2022-08-31,8,3,"M","G",NA,"E","D",NA,"T","Sp","D",NA,"LM","D","Cell Constant 1.08,",NA,"B","D","Bacon, Linda","KCS3G",13,1,"H",NA,1,"H"
"Cobbossee",5236,1,2022-08-31,8,5,"M","G",NA,"E","D",NA,"T","Sp","D",NA,"LM","D","Cell Constant 1.08,",NA,"B","D","Bacon, Linda","KCS5G",10,1,"H",NA,1,"H"
"Cobbossee",5236,1,2022-08-31,8,6,"M","G",NA,"E","D",NA,"T","Sp","D",NA,"LM","D","Cell Constant 1.08,",NA,"B","D","Bacon, Linda","KCS6G",10,1,"H",NA,1,"H"
"Cobbossee",5236,1,2022-08-31,8,7,"M","G",NA,"E","D",NA,"T","Sp","D",NA,"LM","D","Cell Constant 1.08,",NA,"B","D","Bacon, Linda","KCS7G",10,1,"H",NA,1,"H"
"Cobbossee",5236,1,2022-08-31,8,9,"M","G",NA,"E","D",NA,"T","Sp","D",NA,"LM","D","Cell Constant 1.08,",NA,"B","D","Bacon, Linda","KCS9G",14,1,"H",NA,1,"H"
"Cobbossee",5236,1,2022-08-31,8,9,"M","G",NA,"E","D",NA,"T","Sp","D",NA,"LM","D","Cell Constant 1.08,",NA,"B","D","Bacon, Linda","KCS9G2",14,1,"H",NA,2,"H"
"Cobbossee",5236,1,2022-08-31,8,11,"M","G",NA,"E","D",NA,"T","Sp","D",NA,"LM","D","Cell Constant 1.08,",NA,"B","D","Bacon, Linda","KCS11G",34,1,"H",NA,1,"H"
"Cobbossee",5236,1,2022-08-31,8,13,"M","G",NA,"E","D",NA,"T","Sp","D",NA,"LM","D","Cell Constant 1.08,",NA,"B","D","Bacon, Linda","KCS13G",27,1,"H",NA,1,"H"
"Cobbossee",5236,1,2022-08-31,8,15,"M","G",NA,"E","D",NA,"T","Sp","D",NA,"LM","D","Cell Constant 1.08,",NA,"B","D","Bacon, Linda","KCS15G",26,1,"H",NA,1,"H"
"Cobbossee",5236,1,2022-08-31,8,18,"M","G",NA,"E","D",NA,"T","Sp","D",NA,"LM","D","Cell Constant 1.08,",NA,"B","D","Bacon, Linda","KCS18G",17,1,"H",NA,1,"H"
"Cobbossee",5236,1,2022-08-31,8,21,NA,NA,NA,"E","D",NA,"T","Sp","D",NA,"LM","D","Cell Constant 1.08,",NA,"B","D","Bacon, Linda","KCS21G",20,1,"H",NA,1,"H"
"Cobbossee",5236,1,2022-08-31,8,24,"M","G",NA,"E","D",NA,"T","Sp","D",NA,"LM","D","Cell Constant 1.08,",NA,"B","D","Bacon, Linda","KCS24G",25,1,"H",NA,1,"H"
"Cobbossee",5236,1,2022-08-31,8,26.5,"M","G",NA,"E","D",NA,"T","Sp","D",NA,"LM","D","Cell Constant 1.08,",NA,"B","D","Bacon, Linda","KCS26.5BG",28,1,"H",NA,1,"H"
"Cobbossee",5236,1,2022-08-31,8,1,"M","G",NA,"E","D",NA,"T","Sp","D",NA,"LM","D","Cell Constant 1.08,",NA,"B","D","Bacon, Linda","KCS1G",10,1,"H",NA,1,"H"
"Cobbossee",5236,1,2022-08-31,8,3,"M","G",NA,"E","D",NA,"T","Sp","D",NA,"LM","D","Cell Constant 1.08,",NA,"B","D","Bacon, Linda","KCS3G",13,1,"H",NA,1,"H"
"Cobbossee",5236,1,2022-08-31,8,5,"M","G",NA,"E","D",NA,"T","Sp","D",NA,"LM","D","Cell Constant 1.08,",NA,"B","D","Bacon, Linda","KCS5G",10,1,"H",NA,1,"H"
"Cobbossee",5236,1,2022-08-31,8,6,"M","G",NA,"E","D",NA,"T","Sp","D",NA,"LM","D","Cell Constant 1.08,",NA,"B","D","Bacon, Linda","KCS6G",10,1,"H",NA,1,"H"
"Cobbossee",5236,1,2022-08-31,8,7,"M","G",NA,"E","D",NA,"T","Sp","D",NA,"LM","D","Cell Constant 1.08,",NA,"B","D","Bacon, Linda","KCS7G",10,1,"H",NA,1,"H"
"Cobbossee",5236,1,2022-08-31,8,9,"M","G",NA,"E","D",NA,"T","Sp","D",NA,"LM","D","Cell Constant 1.08,",NA,"B","D","Bacon, Linda","KCS9G",14,1,"H",NA,1,"H"
"Cobbossee",5236,1,2022-08-31,8,9,"M","G",NA,"E","D",NA,"T","Sp","D",NA,"LM","D","Cell Constant 1.08,",NA,"B","D","Bacon, Linda","KCS9G2",14,1,"H",NA,2,"H"
"Cobbossee",5236,1,2022-08-31,8,11,"M","G",NA,"E","D",NA,"T","Sp","D",NA,"LM","D","Cell Constant 1.08,",NA,"B","D","Bacon, Linda","KCS11G",34,1,"H",NA,1,"H"
"Cobbossee",5236,1,2022-08-31,8,13,"M","G",NA,"E","D",NA,"T","Sp","D",NA,"LM","D","Cell Constant 1.08,",NA,"B","D","Bacon, Linda","KCS13G",27,1,"H",NA,1,"H"
"Cobbossee",5236,1,2022-08-31,8,15,"M","G",NA,"E","D",NA,"T","Sp","D",NA,"LM","D","Cell Constant 1.08,",NA,"B","D","Bacon, Linda","KCS15G",26,1,"H",NA,1,"H"
"Cobbossee",5236,1,2022-08-31,8,18,"M","G",NA,"E","D",NA,"T","Sp","D",NA,"LM","D","Cell Constant 1.08,",NA,"B","D","Bacon, Linda","KCS18G",17,1,"H",NA,1,"H"
"Cobbossee",5236,1,2022-08-31,8,21,NA,NA,NA,"E","D",NA,"T","Sp","D",NA,"LM","D","Cell Constant 1.08,",NA,"B","D","Bacon, Linda","KCS21G",20,1,"H",NA,1,"H"
"Cobbossee",5236,1,2022-08-31,8,24,"M","G",NA,"E","D",NA,"T","Sp","D",NA,"LM","D","Cell Constant 1.08,",NA,"B","D","Bacon, Linda","KCS24G",25,1,"H",NA,1,"H"
"Cobbossee",5236,1,2022-08-31,8,26.5,"M","G",NA,"E","D",NA,"T","Sp","D",NA,"LM","D","Cell Constant 1.08,",NA,"B","D","Bacon, Linda","KCS26.5BG",28,1,"H",NA,1,"H"
"Cochnewagon",3814,1,2022-07-07,7,7,"M","C",NA,"E","D",NA,"T","Sp","D",NA,"LM","D","Cell Constant 1.08,",NA,"B","D","Bacon, Linda","KCH7C",6,1,"H",5,1,"H"
"Cochnewagon",3814,1,2022-07-07,7,1,"M","G",NA,"E","D",NA,"T","Sp","D",NA,"LM","D","Cell Constant 1.08,",NA,"B","D","Bacon, Linda","KCH1G",6,1,"H",NA,1,"H"
"Cochnewagon",3814,1,2022-07-07,7,3,NA,NA,NA,"E","D",NA,"T","Sp","D",NA,"LM","D","Cell Constant 1.08,",NA,"B","D","Bacon, Linda","KCH3G",6,1,"H",NA,1,"H"
"Cochnewagon",3814,1,2022-07-07,7,5,"M","G",NA,"E","D",NA,"T","Sp","D",NA,"LM","D","Cell Constant 1.08,",NA,"B","D","Bacon, Linda","KCH5G",10,1,"H",NA,1,"H"
"Cochnewagon",3814,1,2022-07-07,7,5,"M","G",NA,"E","D",NA,"T","Sp","D",NA,"LM","D","Cell Constant 1.08,",NA,"B","D","Bacon, Linda","KCH5G2",9,1,"H",NA,2,"H"
"Cochnewagon",3814,1,2022-07-07,7,7,"M","G",NA,"E","D",NA,"T","Sp","D",NA,"LM","D","Cell Constant 1.08,",NA,"B","D","Bacon, Linda","KCH7G",25,1,"H",NA,1,"H"
"Cochnewagon",3814,1,2022-07-07,7,8,"M","G",NA,"E","D",NA,"T","Sp","D",NA,"LM","D","Cell Constant 1.08,",NA,"B","D","Bacon, Linda","KCH8G",14,1,"H",NA,1,"H"
"Cochnewagon",3814,1,2022-08-31,6,0.5,"M","G",NA,"E","D",NA,"T","Sp","D",NA,"LM","D","Cell Constant 1.08,",NA,"B","D",NA,"KCH0.5G",9,1,"H",NA,1,"H"
"Cochnewagon",3814,1,2022-08-31,6,1,"M","G",NA,"E","D",NA,"T","Sp","D",NA,"LM","D","Cell Constant 1.08,",NA,"B","D",NA,"KCH1G",11,1,"H",NA,1,"H"
"Cochnewagon",3814,1,2022-08-31,6,2,"M","G",NA,"E","D",NA,"T","Sp","D",NA,"LM","D","Cell Constant 1.08,",NA,"B","D",NA,"KCH2G",18,1,"H",NA,1,"H"
"Cochnewagon",3814,1,2022-08-31,6,3,"M","G",NA,"E","D",NA,"T","Sp","D",NA,"LM","D","Cell Constant 1.08,",NA,"B","D",NA,"KCH3G",10,1,"H",NA,1,"H"
"Cochnewagon",3814,1,2022-08-31,6,5,"M","G",NA,"E","D",NA,"T","Sp","D",NA,"LM","D","Cell Constant 1.08,",NA,"B","D",NA,"KCH5G",10,1,"H",NA,1,"H"
"Cochnewagon",3814,1,2022-08-31,6,6,"M","G",NA,"E","D",NA,"T","Sp","D",NA,"LM","D","Cell Constant 1.08,",NA,"B","D",NA,"KCH6G",12,1,"H",NA,1,"H"
"Cochnewagon",3814,1,2022-08-31,6,7,"M","G",NA,"E","D",NA,"T","Sp","D",NA,"LM","D","Cell Constant 1.08,",NA,"B","D",NA,"KCH7G",15,1,"H",NA,1,"H"
"Cochnewagon",3814,1,2022-08-31,6,7,"M","G",NA,"E","D",NA,"T","Sp","D",NA,"LM","D","Cell Constant 1.08,",NA,"B","D",NA,"KCH7G2",16,2,"H",NA,1,"H"
"Cochnewagon",3814,1,2022-08-31,6,7.5,NA,NA,NA,"E","D",NA,"T","Sp","D",NA,"LM","D","Cell Constant 1.08,",NA,"B","D",NA,"KCH7.5G",17,1,"H",NA,1,"H"
"Cochnewagon",3814,1,2022-10-06,7,7,"M","C",NA,"E","D",NA,"T","Sp","D",NA,"LM","D","Cell Constant 1.08,",NA,"B","D",NA,"KCH7core",12,1,"H",4,1,"H"
"Cochnewagon",3814,1,2022-10-06,7,7,"M","C",NA,"E","D",NA,"T","Sp","D",NA,"LM","D","Cell Constant 1.08,",NA,"B","D",NA,"KCH7core2",15,2,"H",NA,1,"H"
"Cochnewagon",3814,1,2022-10-06,7,0.5,"M","G",NA,"E","D",NA,"T","Sp","D",NA,"LM","D","Cell Constant 1.08,",NA,"B","D",NA,"KCH0.5G",9,1,"H",NA,1,"H"
"Cochnewagon",3814,1,2022-10-06,7,1,"M","G",NA,"E","D",NA,"T","Sp","D",NA,"LM","D","Cell Constant 1.08,",NA,"B","D",NA,"KCH1G",10,1,"H",NA,1,"H"
"Cochnewagon",3814,1,2022-10-06,7,2,"M","G",NA,"E","D",NA,"T","Sp","D",NA,"LM","D","Cell Constant 1.08,",NA,"B","D",NA,"KCH2G",10,1,"H",NA,1,"H"
"Cochnewagon",3814,1,2022-10-06,7,3,"M","G",NA,"E","D",NA,"T","Sp","D",NA,"LM","D","Cell Constant 1.08,",NA,"B","D",NA,"KCH3G",12,1,"H",NA,1,"H"
"Cochnewagon",3814,1,2022-10-06,7,4,"M","G",NA,"E","D",NA,"T","Sp","D",NA,"LM","D","Cell Constant 1.08,",NA,"B","D",NA,"KCH4G",13,1,"H",NA,1,"H"
"Cochnewagon",3814,1,2022-10-06,7,5,"M","G",NA,"E","D",NA,"T","Sp","D",NA,"LM","D","Cell Constant 1.08,",NA,"B","D",NA,"KCH5G",10,1,"H",NA,1,"H"
"Cochnewagon",3814,1,2022-10-06,7,5,"M","G",NA,"E","D",NA,"T","Sp","D",NA,"LM","D","Cell Constant 1.08,",NA,"B","D",NA,"KCH5G2",10,2,"H",NA,1,"H"
"Cochnewagon",3814,1,2022-10-06,7,6,"M","G",NA,"E","D",NA,"T","Sp","D",NA,"LM","D","Cell Constant 1.08,",NA,"B","D",NA,"KCH6G",10,1,"H",NA,1,"H"
"Cochnewagon",3814,1,2022-10-06,7,7,"M","G",NA,"E","D",NA,"T","Sp","D",NA,"LM","D","Cell Constant 1.08,",NA,"B","D",NA,"KCH7G",10,1,"H",NA,1,"H"
"Cochnewagon",3814,1,2022-10-06,7,7.7,"M","G",NA,"E","D",NA,"T","Sp","D",NA,"LM","D","Cell Constant 1.08,",NA,"B","D",NA,"KCH7.7G",9,1,"H",NA,1,"H"
"Cochnewagon",3814,1,2022-11-02,7,7,"M","C",NA,"E","D",NA,"T","Sp","D",NA,"LM","D","Cell Constant 1.08,",NA,"B","D",NA,"KCH7C1",9,1,"H",3,1,"H"
"Cochnewagon",3814,1,2022-11-02,7,7,"M","C",NA,"E","D",NA,"T","Sp","D",NA,"LM","D","Cell Constant 1.08,",NA,"B","D",NA,"KCH7C2",10,2,"H",3,2,"H"
"Cochnewagon",3814,1,2022-11-02,7,7.7,"M","G",NA,"E","D",NA,"T","Sp","D",NA,"LM","D","Cell Constant 1.08,",NA,"B","D",NA,"KCH7.7G1",9,1,"H",NA,1,"H"
"Cochnewagon",3814,1,2022-11-02,7,7.7,"M","G",NA,"E","D",NA,"T","Sp","D",NA,"LM","D","Cell Constant 1.08,",NA,"B","D",NA,"KCH7.7G2",9,2,"H",NA,1,"H"
"Dexter",3830,1,2022-09-06,5,1,"M","C",NA,"E","D",NA,"T","Sp","D",NA,"LM","D","Cell Constant 1.08,",NA,"B","D",NA,"kd1g",9,1,"H",NA,1,"H"
"Dexter",3830,1,2022-09-06,5,3,"M","G",NA,"E","D",NA,"T","Sp","D",NA,"LM","D","Cell Constant 1.08,",NA,"B","D",NA,"kd3g",9,1,"H",NA,1,"H"
"Dexter",3830,1,2022-09-06,5,5,"M","G",NA,"E","D",NA,"T","Sp","D",NA,"LM","D","Cell Constant 1.08,",NA,"B","D",NA,"kd5g",9,1,"H",NA,1,"H"
"Dexter",3830,1,2022-09-06,5,6,"M","G",NA,"E","D",NA,"T","Sp","D",NA,"LM","D","Cell Constant 1.08,",NA,"B","D",NA,"kd6g",25,1,"H",NA,1,"H"
"Dexter",3830,1,2022-09-06,5,7,NA,NA,NA,"E","D",NA,"T","Sp","D",NA,"LM","D","Cell Constant 1.08,",NA,"B","D",NA,"kd7bg",28,1,"H",NA,1,"H"
"Cochnewagon",3814,1,2022-06-01,NA,NA,NA,NA,NA,NA,NA,NA,NA,NA,NA,NA,NA,NA,NA,NA,NA,NA,NA,NA,NA,NA,NA,NA,NA,NA
"Cochnewagon",3814,1,2022-06-16,NA,NA,NA,NA,NA,NA,NA,NA,NA,NA,NA,NA,NA,NA,NA,NA,NA,NA,NA,NA,NA,NA,NA,NA,NA,NA
"Cochnewagon",3814,1,2022-07-01,NA,NA,NA,NA,NA,NA,NA,NA,NA,NA,NA,NA,NA,NA,NA,NA,NA,NA,NA,NA,NA,NA,NA,NA,NA,NA
"Cochnewagon",3814,1,2022-07-14,NA,NA,NA,NA,NA,NA,NA,NA,NA,NA,NA,NA,NA,NA,NA,NA,NA,NA,NA,NA,NA,NA,NA,NA,NA,NA
"Cochnewagon",3814,1,2022-07-27,NA,NA,NA,NA,NA,NA,NA,NA,NA,NA,NA,NA,NA,NA,NA,NA,NA,NA,NA,NA,NA,NA,NA,NA,NA,NA
"Cochnewagon",3814,1,2022-08-11,NA,NA,NA,NA,NA,NA,NA,NA,NA,NA,NA,NA,NA,NA,NA,NA,NA,NA,NA,NA,NA,NA,NA,NA,NA,NA
"Cochnewagon",3814,1,2022-08-25,NA,NA,NA,NA,NA,NA,NA,NA,NA,NA,NA,NA,NA,NA,NA,NA,NA,NA,NA,NA,NA,NA,NA,NA,NA,NA
"Cochnewagon",3814,1,2022-09-08,NA,NA,NA,NA,NA,NA,NA,NA,NA,NA,NA,NA,NA,NA,NA,NA,NA,NA,NA,NA,NA,NA,NA,NA,NA,NA
"Cochnewagon",3814,1,2022-09-21,NA,NA,NA,NA,NA,NA,NA,NA,NA,NA,NA,NA,NA,NA,NA,NA,NA,NA,NA,NA,NA,NA,NA,NA,NA,NA
"Horseshoe",5252,1,2022-07-04,NA,NA,NA,NA,NA,NA,NA,NA,NA,NA,NA,NA,NA,NA,NA,NA,NA,NA,NA,NA,NA,NA,NA,NA,NA,NA
"Horseshoe",5252,1,2022-07-18,NA,NA,NA,NA,NA,NA,NA,NA,NA,NA,NA,NA,NA,NA,NA,NA,NA,NA,NA,NA,NA,NA,NA,NA,NA,NA
"Horseshoe",5252,1,2022-07-31,NA,NA,NA,NA,NA,NA,NA,NA,NA,NA,NA,NA,NA,NA,NA,NA,NA,NA,NA,NA,NA,NA,NA,NA,NA,NA
"Horseshoe",5252,1,NA,NA,NA,NA,NA,NA,NA,NA,NA,NA,NA,NA,NA,NA,NA,NA,NA,NA,NA,NA,NA,NA,NA,NA,NA,NA,NA
"Horseshoe",5252,1,2022-08-27,NA,NA,NA,NA,NA,NA,NA,NA,NA,NA,NA,NA,NA,NA,NA,NA,NA,NA,NA,NA,NA,NA,NA,NA,NA,NA
"Horseshoe",5252,1,2022-09-10,NA,NA,NA,NA,NA,NA,NA,NA,NA,NA,NA,NA,NA,NA,NA,NA,NA,NA,NA,NA,NA,NA,NA,NA,NA,NA
"Horseshoe",5252,1,2022-09-25,NA,NA,NA,NA,NA,NA,NA,NA,NA,NA,NA,NA,NA,NA,NA,NA,NA,NA,NA,NA,NA,NA,NA,NA,NA,NA
"Jimmy",5244,1,2022-07-27,NA,NA,NA,NA,NA,NA,NA,NA,NA,NA,NA,NA,NA,NA,NA,NA,NA,NA,NA,NA,NA,NA,NA,NA,NA,NA
"Jimmy",5244,1,2022-08-16,NA,NA,NA,NA,NA,NA,NA,NA,NA,NA,NA,NA,NA,NA,NA,NA,NA,NA,NA,NA,NA,NA,NA,NA,NA,NA
"Jimmy",5244,1,2022-09-02,NA,NA,NA,NA,NA,NA,NA,NA,NA,NA,NA,NA,NA,NA,NA,NA,NA,NA,NA,NA,NA,NA,NA,NA,NA,NA
"Maranacook",5312,1,2022-06-07,NA,NA,NA,NA,NA,NA,NA,NA,NA,NA,NA,NA,NA,NA,NA,NA,NA,NA,NA,NA,NA,NA,NA,NA,NA,NA
"Maranacook",5312,1,2022-06-07,NA,NA,NA,NA,NA,NA,NA,NA,NA,NA,NA,NA,NA,NA,NA,NA,NA,NA,NA,NA,NA,NA,NA,NA,NA,NA
"Maranacook",5312,1,2022-07-06,NA,NA,NA,NA,NA,NA,NA,NA,NA,NA,NA,NA,NA,NA,NA,NA,NA,NA,NA,NA,NA,NA,NA,NA,NA,NA
"Maranacook",5312,1,2022-07-06,NA,NA,NA,NA,NA,NA,NA,NA,NA,NA,NA,NA,NA,NA,NA,NA,NA,NA,NA,NA,NA,NA,NA,NA,NA,NA
"Maranacook",5312,1,2022-08-06,NA,NA,NA,NA,NA,NA,NA,NA,NA,NA,NA,NA,NA,NA,NA,NA,NA,NA,NA,NA,NA,NA,NA,NA,NA,NA
"Maranacook",5312,1,2022-08-06,NA,NA,NA,NA,NA,NA,NA,NA,NA,NA,NA,NA,NA,NA,NA,NA,NA,NA,NA,NA,NA,NA,NA,NA,NA,NA
"Maranacook",5312,1,2022-08-28,NA,NA,NA,NA,NA,NA,NA,NA,NA,NA,NA,NA,NA,NA,NA,NA,NA,NA,NA,NA,NA,NA,NA,NA,NA,NA
"Maranacook",5312,1,2022-08-28,NA,NA,NA,NA,NA,NA,NA,NA,NA,NA,NA,NA,NA,NA,NA,NA,NA,NA,NA,NA,NA,NA,NA,NA,NA,NA
"Maranacook",5312,2,2023-03-22,NA,NA,NA,NA,NA,NA,NA,NA,NA,NA,NA,NA,NA,NA,NA,NA,NA,NA,NA,NA,NA,NA,NA,NA,NA,NA
"Maranacook",5312,2,2023-03-22,NA,NA,NA,NA,NA,NA,NA,NA,NA,NA,NA,NA,NA,NA,NA,NA,NA,NA,NA,NA,NA,NA,NA,NA,NA,NA
"Maranacook",5312,2,2022-05-29,NA,NA,NA,NA,NA,NA,NA,NA,NA,NA,NA,NA,NA,NA,NA,NA,NA,NA,NA,NA,NA,NA,NA,NA,NA,NA
"Maranacook",5312,2,2022-05-29,NA,NA,NA,NA,NA,NA,NA,NA,NA,NA,NA,NA,NA,NA,NA,NA,NA,NA,NA,NA,NA,NA,NA,NA,NA,NA
"Maranacook",5312,2,2022-06-06,NA,NA,NA,NA,NA,NA,NA,NA,NA,NA,NA,NA,NA,NA,NA,NA,NA,NA,NA,NA,NA,NA,NA,NA,NA,NA
"Maranacook",5312,2,2022-06-06,NA,NA,NA,NA,NA,NA,NA,NA,NA,NA,NA,NA,NA,NA,NA,NA,NA,NA,NA,NA,NA,NA,NA,NA,NA,NA
"Maranacook",5312,2,2022-08-06,NA,NA,NA,NA,NA,NA,NA,NA,NA,NA,NA,NA,NA,NA,NA,NA,NA,NA,NA,NA,NA,NA,NA,NA,NA,NA
"Maranacook",5312,2,2022-08-06,NA,NA,NA,NA,NA,NA,NA,NA,NA,NA,NA,NA,NA,NA,NA,NA,NA,NA,NA,NA,NA,NA,NA,NA,NA,NA
"Maranacook",5312,2,2022-06-26,NA,NA,NA,NA,NA,NA,NA,NA,NA,NA,NA,NA,NA,NA,NA,NA,NA,NA,NA,NA,NA,NA,NA,NA,NA,NA
"Maranacook",5312,2,2022-06-26,NA,NA,NA,NA,NA,NA,NA,NA,NA,NA,NA,NA,NA,NA,NA,NA,NA,NA,NA,NA,NA,NA,NA,NA,NA,NA
"Maranacook",5312,2,2022-07-10,NA,NA,NA,NA,NA,NA,NA,NA,NA,NA,NA,NA,NA,NA,NA,NA,NA,NA,NA,NA,NA,NA,NA,NA,NA,NA
"Maranacook",5312,2,2022-07-10,NA,NA,NA,NA,NA,NA,NA,NA,NA,NA,NA,NA,NA,NA,NA,NA,NA,NA,NA,NA,NA,NA,NA,NA,NA,NA
"Maranacook",5312,2,2022-09-04,NA,NA,NA,NA,NA,NA,NA,NA,NA,NA,NA,NA,NA,NA,NA,NA,NA,NA,NA,NA,NA,NA,NA,NA,NA,NA
"Maranacook",5312,2,2022-09-04,NA,NA,NA,NA,NA,NA,NA,NA,NA,NA,NA,NA,NA,NA,NA,NA,NA,NA,NA,NA,NA,NA,NA,NA,NA,NA
"Maranacook",5312,2,2022-09-24,NA,NA,NA,NA,NA,NA,NA,NA,NA,NA,NA,NA,NA,NA,NA,NA,NA,NA,NA,NA,NA,NA,NA,NA,NA,NA
"Maranacook",5312,2,2022-09-24,NA,NA,NA,NA,NA,NA,NA,NA,NA,NA,NA,NA,NA,NA,NA,NA,NA,NA,NA,NA,NA,NA,NA,NA,NA,NA
"Maranacook",5312,2,2022-08-06,5,5,"M","C",NA,"E","D",NA,"T","Sp","D",NA,"LM","D","Cell Constant 1.08,",NA,"B","D",NA,"KMN5C",12,1,"H",5,1,"H"
"Maranacook",5312,2,2022-08-06,5,7,"M","G",NA,"E","D",NA,"T","Sp","D",NA,"LM","D","Cell Constant 1.08,",NA,"B","D",NA,"KMN7G",15,1,"H",NA,1,"H"
"Maranacook",5312,2,2022-08-06,5,10.8,NA,NA,NA,"E","D",NA,"T","Sp","D",NA,"LM","D","Cell Constant 1.08,",NA,"B","D",NA,"KMN10.8BG",80,1,"H",NA,1,"H"
"Maranacook",5312,2,2022-08-06,5,5,"M","C",NA,"E","D",NA,"T","Sp","D",NA,"LM","D","Cell Constant 1.08,",NA,"B","D",NA,"KMN5C",12,1,"H",5,1,"H"
"Maranacook",5312,2,2022-08-06,5,7,"M","G",NA,"E","D",NA,"T","Sp","D",NA,"LM","D","Cell Constant 1.08,",NA,"B","D",NA,"KMN7G",15,1,"H",NA,1,"H"
"Maranacook",5312,2,2022-08-06,5,10.8,NA,NA,NA,"E","D",NA,"T","Sp","D",NA,"LM","D","Cell Constant 1.08,",NA,"B","D",NA,"KMN10.8BG",80,1,"H",NA,1,"H"
"Pleasant",5254,1,2022-07-20,5,5,"M","C",NA,"E","D",NA,"T","Sp","D",NA,"LM","D","Cell Constant 1.08,",NA,"B","D",NA,"KP5core",14,1,"H",5,1,"H"
"Pleasant",5254,1,2022-07-20,5,1,"M","G",NA,"E","D",NA,"T","Sp","D",NA,"LM","D","Cell Constant 1.08,",NA,"B","D",NA,"kp1g",11,1,"H",NA,1,"H"
"Pleasant",5254,1,2022-07-20,5,3,"M","G",NA,"E","D",NA,"T","Sp","D",NA,"LM","D","Cell Constant 1.08,",NA,"B","D",NA,"kp3g",14,1,"H",NA,1,"H"
"Pleasant",5254,1,2022-07-20,5,5,"M","G",NA,"E","D",NA,"T","Sp","D",NA,"LM","D","Cell Constant 1.08,",NA,"B","D",NA,"kp5g",16,1,"H",NA,1,"H"
"Pleasant",5254,1,2022-07-20,5,7,"M","G",NA,"E","D",NA,"T","Sp","D",NA,"LM","D","Cell Constant 1.08,",NA,"B","D",NA,"kp7g",31,1,"H",NA,1,"H"
"Pleasant",5254,1,2022-07-20,5,8.3,"M","G",NA,"E","D",NA,"T","Sp","D",NA,"LM","D","Cell Constant 1.08,",NA,"B","D",NA,"kp8.3bg",140,1,"H",NA,1,"H"
"Upper Pleasant",5254,1,2022-07-20,5,5,"M","C",NA,"E","D",NA,"T","Sp","D",NA,"LM","D","Cell Constant 1.08,",NA,"B","D",NA,"KP5core",14,1,"H",5,1,"H"
"Upper Pleasant",5254,1,2022-07-20,5,1,"M","G",NA,"E","D",NA,"T","Sp","D",NA,"LM","D","Cell Constant 1.08,",NA,"B","D",NA,"kp1g",11,1,"H",NA,1,"H"
"Upper Pleasant",5254,1,2022-07-20,5,3,"M","G",NA,"E","D",NA,"T","Sp","D",NA,"LM","D","Cell Constant 1.08,",NA,"B","D",NA,"kp3g",14,1,"H",NA,1,"H"
"Upper Pleasant",5254,1,2022-07-20,5,5,"M","G",NA,"E","D",NA,"T","Sp","D",NA,"LM","D","Cell Constant 1.08,",NA,"B","D",NA,"kp5g",16,1,"H",NA,1,"H"
"Upper Pleasant",5254,1,2022-07-20,5,7,"M","G",NA,"E","D",NA,"T","Sp","D",NA,"LM","D","Cell Constant 1.08,",NA,"B","D",NA,"kp7g",31,1,"H",NA,1,"H"
"Upper Pleasant",5254,1,2022-07-20,5,8.3,"M","G",NA,"E","D",NA,"T","Sp","D",NA,"LM","D","Cell Constant 1.08,",NA,"B","D",NA,"kp8.3bg",140,1,"H",NA,1,"H"
"Pleasant",5254,3,2022-07-10,3.5,3.5,"M","C",NA,"E","D",NA,"T","Sp","D",NA,"LM","D","Cell Constant 1.08,",NA,"B","D",NA,"kpu3.5c",18,1,"H",4,1,"H"
"Pleasant",5254,3,2022-07-10,3.5,3.5,"M","C",NA,"E","D",NA,"T","Sp","D",NA,"LM","D","Cell Constant 1.08,",NA,"B","D",NA,"kpu3.5c2",18,2,"H",NA,1,"H"
"Upper Pleasant",5254,3,2022-07-10,3.5,3.5,"M","C",NA,"E","D",NA,"T","Sp","D",NA,"LM","D","Cell Constant 1.08,",NA,"B","D",NA,"kpu3.5c",18,1,"H",4,1,"H"
"Upper Pleasant",5254,3,2022-07-10,3.5,3.5,"M","C",NA,"E","D",NA,"T","Sp","D",NA,"LM","D","Cell Constant 1.08,",NA,"B","D",NA,"kpu3.5c2",18,2,"H",NA,1,"H"
"Pleasant",5254,3,2022-07-20,NA,NA,NA,NA,NA,NA,NA,NA,NA,NA,NA,NA,NA,NA,NA,NA,NA,NA,NA,NA,NA,NA,NA,NA,NA,NA
"Upper Pleasant",5254,3,2022-07-20,NA,NA,NA,NA,NA,NA,NA,NA,NA,NA,NA,NA,NA,NA,NA,NA,NA,NA,NA,NA,NA,NA,NA,NA,NA,NA
"Pleasant",5254,3,2022-07-23,NA,NA,NA,NA,NA,NA,NA,NA,NA,NA,NA,NA,NA,NA,NA,NA,NA,NA,NA,NA,NA,NA,NA,NA,NA,NA
"Upper Pleasant",5254,3,2022-07-23,NA,NA,NA,NA,NA,NA,NA,NA,NA,NA,NA,NA,NA,NA,NA,NA,NA,NA,NA,NA,NA,NA,NA,NA,NA,NA
"Pleasant",5254,3,2022-07-31,NA,NA,NA,NA,NA,NA,NA,NA,NA,NA,NA,NA,NA,NA,NA,NA,NA,NA,NA,NA,NA,NA,NA,NA,NA,NA
"Upper Pleasant",5254,3,2022-07-31,NA,NA,NA,NA,NA,NA,NA,NA,NA,NA,NA,NA,NA,NA,NA,NA,NA,NA,NA,NA,NA,NA,NA,NA,NA,NA
"Pleasant",5254,3,2022-08-07,NA,NA,NA,NA,NA,NA,NA,NA,NA,NA,NA,NA,NA,NA,NA,NA,NA,NA,NA,NA,NA,NA,NA,NA,NA,NA
"Upper Pleasant",5254,3,2022-08-07,NA,NA,NA,NA,NA,NA,NA,NA,NA,NA,NA,NA,NA,NA,NA,NA,NA,NA,NA,NA,NA,NA,NA,NA,NA,NA
"Pleasant",5254,3,2022-08-20,NA,NA,NA,NA,NA,NA,NA,NA,NA,NA,NA,NA,NA,NA,NA,NA,NA,NA,NA,NA,NA,NA,NA,NA,NA,NA
"Upper Pleasant",5254,3,2022-08-20,NA,NA,NA,NA,NA,NA,NA,NA,NA,NA,NA,NA,NA,NA,NA,NA,NA,NA,NA,NA,NA,NA,NA,NA,NA,NA
"Pleasant",5254,3,2022-08-29,NA,NA,NA,NA,NA,NA,NA,NA,NA,NA,NA,NA,NA,NA,NA,NA,NA,NA,NA,NA,NA,NA,NA,NA,NA,NA
"Upper Pleasant",5254,3,2022-08-29,NA,NA,NA,NA,NA,NA,NA,NA,NA,NA,NA,NA,NA,NA,NA,NA,NA,NA,NA,NA,NA,NA,NA,NA,NA,NA
"Pleasant",5254,3,2022-09-04,NA,NA,NA,NA,NA,NA,NA,NA,NA,NA,NA,NA,NA,NA,NA,NA,NA,NA,NA,NA,NA,NA,NA,NA,NA,NA
"Upper Pleasant",5254,3,2022-09-04,NA,NA,NA,NA,NA,NA,NA,NA,NA,NA,NA,NA,NA,NA,NA,NA,NA,NA,NA,NA,NA,NA,NA,NA,NA,NA
"Pleasant",5254,3,2022-09-10,NA,NA,NA,NA,NA,NA,NA,NA,NA,NA,NA,NA,NA,NA,NA,NA,NA,NA,NA,NA,NA,NA,NA,NA,NA,NA
"Upper Pleasant",5254,3,2022-09-10,NA,NA,NA,NA,NA,NA,NA,NA,NA,NA,NA,NA,NA,NA,NA,NA,NA,NA,NA,NA,NA,NA,NA,NA,NA,NA
"Pleasant",5254,3,2022-10-12,3,3,"M","C",NA,"E","D",NA,"T","Sp","D",NA,"LM","D","Cell Constant 1.08,",NA,"B","D",NA,"kpu3c1",15,1,"H",3,1,"H"
"Pleasant",5254,3,2022-10-12,3,3,"M","C",NA,"E","D",NA,"T","Sp","D",NA,"LM","D","Cell Constant 1.08,",NA,"B","D",NA,"kpu3c2",14,2,"H",3,2,"H"
"Upper Pleasant",5254,3,2022-10-12,3,3,"M","C",NA,"E","D",NA,"T","Sp","D",NA,"LM","D","Cell Constant 1.08,",NA,"B","D",NA,"kpu3c1",15,1,"H",3,1,"H"
"Upper Pleasant",5254,3,2022-10-12,3,3,"M","C",NA,"E","D",NA,"T","Sp","D",NA,"LM","D","Cell Constant 1.08,",NA,"B","D",NA,"kpu3c2",14,2,"H",3,2,"H"
"Sand",5238,1,2022-07-13,NA,NA,NA,NA,NA,NA,NA,NA,NA,NA,NA,NA,NA,NA,NA,NA,NA,NA,NA,NA,NA,NA,NA,NA,NA,NA
"Sand",5238,1,2022-07-29,NA,NA,NA,NA,NA,NA,NA,NA,NA,NA,NA,NA,NA,NA,NA,NA,NA,NA,NA,NA,NA,NA,NA,NA,NA,NA
"Sand",5238,1,2022-08-15,NA,NA,NA,NA,NA,NA,NA,NA,NA,NA,NA,NA,NA,NA,NA,NA,NA,NA,NA,NA,NA,NA,NA,NA,NA,NA
"Sand",5238,1,2022-08-30,NA,NA,NA,NA,NA,NA,NA,NA,NA,NA,NA,NA,NA,NA,NA,NA,NA,NA,NA,NA,NA,NA,NA,NA,NA,NA
"Sand",5238,1,2022-09-12,NA,NA,NA,NA,NA,NA,NA,NA,NA,NA,NA,NA,NA,NA,NA,NA,NA,NA,NA,NA,NA,NA,NA,NA,NA,NA
"Torsey",5307,1,2022-08-06,6,6,"M","C",NA,"E","D",NA,"T","Sp","D",NA,"LM","D","Cell Constant 1.08,",NA,"B","D",NA,"KT6C",7,1,"H",4,1,"H"
"Torsey",5307,1,2022-08-06,6,8,"M","G",NA,"E","D",NA,"T","Sp","D",NA,"LM","D","Cell Constant 1.08,",NA,"B","D",NA,"KT8G",35,1,"H",NA,1,"H"
"Torsey",5307,1,2022-08-06,6,11,"M","G",NA,"E","D",NA,"T","Sp","D",NA,"LM","D","Cell Constant 1.08,",NA,"B","D",NA,"KT11G",81,1,"H",NA,1,"H"
"Lower Narrows",103,1,2022-07-07,6,6,"M","C",NA,"E","D",NA,"T","Sp","D",NA,"LM","D","Cell Constant 1.08,",NA,"B","D",NA,"KVN6C",5,1,"H",2,1,"H"
"Lower Narrows",103,1,2022-07-07,6,6,"M","C",NA,"E","D",NA,"T","Sp","D",NA,"LM","D","Cell Constant 1.08,",NA,"B","D",NA,"KUN6C2",6,2,"H",NA,1,"H"
"Lower Narrows",103,1,2022-07-07,6,8,"M","G",NA,"E","D",NA,"T","Sp","D",NA,"LM","D","Cell Constant 1.08,",NA,"B","D",NA,"KUN8G",7,1,"H",NA,1,"H"
"Lower Narrows",103,1,2022-07-07,6,14,"M","G",NA,"E","D",NA,"T","Sp","D",NA,"LM","D","Cell Constant 1.08,",NA,"B","D",NA,"KUN14G",15,1,"H",NA,1,"H"
"Wilson",3832,1,2022-07-22,7,7,"M","C",NA,"E","D",NA,"T","Sp","D",NA,"LM","D","Cell Constant 1.08,",NA,"B","D",NA,"KWN7C",8,1,"H",7,1,"H"
"Wilson",3832,1,2022-07-22,7,7,"M","G",NA,"E","D",NA,"T","Sp","D",NA,"LM","D","Cell Constant 1.08,",NA,"B","D",NA,"KWN7G",18,1,"H",NA,1,"H"
"Wilson",3832,1,2022-07-22,7,9.5,"M","G",NA,"E","D",NA,"T","Sp","D",NA,"LM","D","Cell Constant 1.08,",NA,"B","D",NA,"KWN9.5G",10,1,"H",NA,1,"H"
"Wilson",3832,1,2022-07-22,7,12,"M",NA,NA,"E","D",NA,"T","Sp","D",NA,"LM","D","Cell Constant 1.08,",NA,"B","D",NA,"KWN12G",12,1,"H",NA,1,"H"
"Wilson",3832,1,2022-09-06,6.5,1,"M","G",NA,"E","D",NA,"T","Sp","D",NA,"LM","D","Cell Constant 1.08,",NA,"B","D",NA,"kwn1g",12,1,"H",NA,1,"H"
"Wilson",3832,1,2022-09-06,6.5,3,"M","G",NA,"E","D",NA,"T","Sp","D",NA,"LM","D","Cell Constant 1.08,",NA,"B","D",NA,"kwn3g1",11,1,"H",NA,1,"H"
"Wilson",3832,1,2022-09-06,6.5,3,"M","G",NA,"E","D",NA,"T","Sp","D",NA,"LM","D","Cell Constant 1.08,",NA,"B","D",NA,"kwn3g2",11,2,"H",NA,1,"H"
"Wilson",3832,1,2022-09-06,6.5,5,"M","G",NA,"E","D",NA,"T","Sp","D",NA,"LM","D","Cell Constant 1.08,",NA,"B","D",NA,"kwn5g",11,1,"H",NA,1,"H"
"Wilson",3832,1,2022-09-06,6.5,6,"M","G",NA,"E","D",NA,"T","Sp","D",NA,"LM","D","Cell Constant 1.08,",NA,"B","D",NA,"kwn6g",16,1,"H",NA,1,"H"
"Wilson",3832,1,2022-09-06,6.5,7,"M","G",NA,"E","D",NA,"T","Sp","D",NA,"LM","D","Cell Constant 1.08,",NA,"B","D",NA,"kwn7g",13,1,"H",NA,1,"H"
"Wilson",3832,1,2022-09-06,6.5,9,"M","G",NA,"E","D",NA,"T","Sp","D",NA,"LM","D","Cell Constant 1.08,",NA,"B","D",NA,"kwn9g",28,1,"H",NA,1,"H"
"Wilson",3832,1,2022-09-06,6.5,11,"M","G",NA,"E","D",NA,"T","Sp","D",NA,"LM","D","Cell Constant 1.08,",NA,"B","D",NA,"kwn11bg",160,1,"H",NA,1,"H"
"Wilson",3832,1,2022-10-06,7,7,"M","C",NA,"E","D",NA,"T","Sp","D",NA,"LM","D","Cell Constant 1.08,",NA,"B","D",NA,"kwn7c1",14,1,"H",8,1,"H"
"Wilson",3832,1,2022-10-06,7,7,"M","C",NA,"E","D",NA,"T","Sp","D",NA,"LM","D","Cell Constant 1.08,",NA,"B","D",NA,"kwn7c2",14,2,"H",8,2,"H"
"Wilson",3832,1,2022-10-06,7,1,"M","G",NA,"E","D",NA,"T","Sp","D",NA,"LM","D","Cell Constant 1.08,",NA,"B","D",NA,"kwn1g",12,1,"H",NA,1,"H"
"Wilson",3832,1,2022-10-06,7,3,"M","G",NA,"E","D",NA,"T","Sp","D",NA,"LM","D","Cell Constant 1.08,",NA,"B","D",NA,"kwn3g",13,1,"H",NA,1,"H"
"Wilson",3832,1,2022-10-06,7,5,"M","G",NA,"E","D",NA,"T","Sp","D",NA,"LM","D","Cell Constant 1.08,",NA,"B","D",NA,"kwn5g",14,1,"H",NA,1,"H"
"Wilson",3832,1,2022-10-06,7,7,"M","G",NA,"E","D",NA,"T","Sp","D",NA,"LM","D","Cell Constant 1.08,",NA,"B","D",NA,"kwn7g",13,1,"H",NA,1,"H"
"Wilson",3832,1,2022-10-06,7,9,"M","G",NA,"E","D",NA,"T","Sp","D",NA,"LM","D","Cell Constant 1.08,",NA,"B","D",NA,"kwn9g",14,1,"H",NA,1,"H"
"Wilson",3832,1,2022-10-06,7,11,"M","G",NA,"E","D",NA,"T","Sp","D",NA,"LM","D","Cell Constant 1.08,",NA,"B","D",NA,"kwn11g",43,1,"H",NA,1,"H"
"Wilson",3832,1,2022-10-06,7,12,"M","G",NA,"E","D",NA,"T","Sp","D",NA,"LM","D","Cell Constant 1.08,",NA,"B","D",NA,"kwn12bg",190,1,"H",NA,1,"H"
"Wilson",3832,1,2022-11-07,9,9,"M","C",NA,"E","D",NA,"T","Sp","D",NA,"LM","D","Cell Constant 1.08,",NA,"B","D",NA,"kwn9c",17,1,"H",11,1,"H"
"Wilson",3832,1,2022-11-07,9,11.5,"M","G",NA,"E","D",NA,"T","Sp","D",NA,"LM","D","Cell Constant 1.08,",NA,"B","D",NA,"kwn11.5bg",24,1,"H",NA,1,"H"
"Woodbury",5240,1,2022-06-15,NA,NA,NA,NA,NA,NA,NA,NA,NA,NA,NA,NA,NA,NA,NA,NA,NA,NA,NA,NA,NA,NA,NA,NA,NA,NA
"Woodbury",5240,1,2022-06-21,NA,NA,NA,NA,NA,NA,NA,NA,NA,NA,NA,NA,NA,NA,NA,NA,NA,NA,NA,NA,NA,NA,NA,NA,NA,NA
"Woodbury",5240,1,2022-06-28,NA,NA,NA,NA,NA,NA,NA,NA,NA,NA,NA,NA,NA,NA,NA,NA,NA,NA,NA,NA,NA,NA,NA,NA,NA,NA
"Woodbury",5240,1,2022-07-08,NA,NA,NA,NA,NA,NA,NA,NA,NA,NA,NA,NA,NA,NA,NA,NA,NA,NA,NA,NA,NA,NA,NA,NA,NA,NA
"Woodbury",5240,1,2022-07-15,NA,NA,NA,NA,NA,NA,NA,NA,NA,NA,NA,NA,NA,NA,NA,NA,NA,NA,NA,NA,NA,NA,NA,NA,NA,NA
"Woodbury",5240,1,2022-07-27,NA,NA,NA,NA,NA,NA,NA,NA,NA,NA,NA,NA,NA,NA,NA,NA,NA,NA,NA,NA,NA,NA,NA,NA,NA,NA
"Woodbury",5240,1,2022-08-03,NA,NA,NA,NA,NA,NA,NA,NA,NA,NA,NA,NA,NA,NA,NA,NA,NA,NA,NA,NA,NA,NA,NA,NA,NA,NA
"Woodbury",5240,1,2022-08-10,NA,NA,NA,NA,NA,NA,NA,NA,NA,NA,NA,NA,NA,NA,NA,NA,NA,NA,NA,NA,NA,NA,NA,NA,NA,NA
"Woodbury",5240,1,2022-08-19,NA,NA,NA,NA,NA,NA,NA,NA,NA,NA,NA,NA,NA,NA,NA,NA,NA,NA,NA,NA,NA,NA,NA,NA,NA,NA
"Woodbury",5240,1,2022-08-26,NA,NA,NA,NA,NA,NA,NA,NA,NA,NA,NA,NA,NA,NA,NA,NA,NA,NA,NA,NA,NA,NA,NA,NA,NA,NA
"Woodbury",5240,1,2022-09-02,NA,NA,NA,NA,NA,NA,NA,NA,NA,NA,NA,NA,NA,NA,NA,NA,NA,NA,NA,NA,NA,NA,NA,NA,NA,NA
"Woodbury",5240,1,2022-09-09,NA,NA,NA,NA,NA,NA,NA,NA,NA,NA,NA,NA,NA,NA,NA,NA,NA,NA,NA,NA,NA,NA,NA,NA,NA,NA
"Woodbury",5240,1,2022-09-16,NA,NA,NA,NA,NA,NA,NA,NA,NA,NA,NA,NA,NA,NA,NA,NA,NA,NA,NA,NA,NA,NA,NA,NA,NA,NA
"Woodbury",5240,1,2022-09-25,NA,NA,NA,NA,NA,NA,NA,NA,NA,NA,NA,NA,NA,NA,NA,NA,NA,NA,NA,NA,NA,NA,NA,NA,NA,NA
"Woodbury",5240,1,2022-10-12,NA,NA,NA,NA,NA,NA,NA,NA,NA,NA,NA,NA,NA,NA,NA,NA,NA,NA,NA,NA,NA,NA,NA,NA,NA,NA
"Woodbury",5240,1,2022-10-30,NA,NA,NA,NA,NA,NA,NA,NA,NA,NA,NA,NA,NA,NA,NA,NA,NA,NA,NA,NA,NA,NA,NA,NA,NA,NA
"Woodbury",5240,1,2022-10-22,NA,NA,NA,NA,NA,NA,NA,NA,NA,NA,NA,NA,NA,NA,NA,NA,NA,NA,NA,NA,NA,NA,NA,NA,NA,NA
"Woodbury",5240,1,2022-11-05,NA,NA,NA,NA,NA,NA,NA,NA,NA,NA,NA,NA,NA,NA,NA,NA,NA,NA,NA,NA,NA,NA,NA,NA,NA,NA
"Pleasant",5254,1,2022-07-13,NA,NA,NA,NA,NA,NA,NA,NA,NA,NA,NA,NA,NA,NA,NA,NA,NA,NA,NA,NA,NA,NA,NA,NA,NA,NA
"Upper Pleasant",5254,1,2022-07-13,NA,NA,NA,NA,NA,NA,NA,NA,NA,NA,NA,NA,NA,NA,NA,NA,NA,NA,NA,NA,NA,NA,NA,NA,NA,NA
"Pleasant",5254,1,2022-10-12,NA,NA,NA,NA,NA,NA,NA,NA,NA,NA,NA,NA,NA,NA,NA,NA,NA,NA,NA,NA,NA,NA,NA,NA,NA,NA
"Upper Pleasant",5254,1,2022-10-12,NA,NA,NA,NA,NA,NA,NA,NA,NA,NA,NA,NA,NA,NA,NA,NA,NA,NA,NA,NA,NA,NA,NA,NA,NA,NA
"Pleasant",5254,1,2022-08-10,NA,NA,NA,NA,NA,NA,NA,NA,NA,NA,NA,NA,NA,NA,NA,NA,NA,NA,NA,NA,NA,NA,NA,NA,NA,NA
"Upper Pleasant",5254,1,2022-08-10,NA,NA,NA,NA,NA,NA,NA,NA,NA,NA,NA,NA,NA,NA,NA,NA,NA,NA,NA,NA,NA,NA,NA,NA,NA,NA
"Pleasant",5254,1,2022-08-22,NA,NA,NA,NA,NA,NA,NA,NA,NA,NA,NA,NA,NA,NA,NA,NA,NA,NA,NA,NA,NA,NA,NA,NA,NA,NA
"Upper Pleasant",5254,1,2022-08-22,NA,NA,NA,NA,NA,NA,NA,NA,NA,NA,NA,NA,NA,NA,NA,NA,NA,NA,NA,NA,NA,NA,NA,NA,NA,NA
"Pleasant",5254,1,2022-10-02,NA,NA,NA,NA,NA,NA,NA,NA,NA,NA,NA,NA,NA,NA,NA,NA,NA,NA,NA,NA,NA,NA,NA,NA,NA,NA
"Upper Pleasant",5254,1,2022-10-02,NA,NA,NA,NA,NA,NA,NA,NA,NA,NA,NA,NA,NA,NA,NA,NA,NA,NA,NA,NA,NA,NA,NA,NA,NA,NA
"Pleasant",5254,1,2022-09-08,6,6,"M","C",NA,"E","D",NA,"T","Sp","D",NA,"LM","D","Cell Constant 1.08,",NA,"B","D",NA,"kp6c",24,1,"H",15,1,"H"
"Pleasant",5254,1,2022-09-08,6,6,"M","C",NA,"E","D",NA,"T","Sp","D",NA,"LM","D","Cell Constant 1.08,",NA,"B","D",NA,NA,NA,1,"H",14,2,"H"
"Pleasant",5254,1,2022-09-08,6,1,"M","G",NA,"E","D",NA,"T","Sp","D",NA,"LM","D","Cell Constant 1.08,",NA,"B","D",NA,"kp1g",21,1,"H",NA,1,"H"
"Pleasant",5254,1,2022-09-08,6,3,"M","G",NA,"E","D",NA,"T","Sp","D",NA,"LM","D","Cell Constant 1.08,",NA,"B","D",NA,"kp3g",28,1,"H",NA,1,"H"
"Pleasant",5254,1,2022-09-08,6,5,"M","G",NA,"E","D",NA,"T","Sp","D",NA,"LM","D","Cell Constant 1.08,",NA,"B","D",NA,"kp5g",20,1,"H",NA,1,"H"
"Pleasant",5254,1,2022-09-08,6,6,"M","G",NA,"E","D",NA,"T","Sp","D",NA,"LM","D","Cell Constant 1.08,",NA,"B","D",NA,"kp6g",18,1,"H",NA,1,"H"
"Pleasant",5254,1,2022-09-08,6,7,"M","G",NA,"E","D",NA,"T","Sp","D",NA,"LM","D","Cell Constant 1.08,",NA,"B","D",NA,"kp7g",19,1,"H",NA,1,"H"
"Pleasant",5254,1,2022-09-08,6,8.5,"M","G",NA,"E","D",NA,"T","Sp","D",NA,"LM","D","Cell Constant 1.08,",NA,"B","D",NA,"kp8.5bg",210,1,"H",NA,1,"H"
"Upper Pleasant",5254,1,2022-09-08,6,6,"M","C",NA,"E","D",NA,"T","Sp","D",NA,"LM","D","Cell Constant 1.08,",NA,"B","D",NA,"kp6c",24,1,"H",15,1,"H"
"Upper Pleasant",5254,1,2022-09-08,6,6,"M","C",NA,"E","D",NA,"T","Sp","D",NA,"LM","D","Cell Constant 1.08,",NA,"B","D",NA,NA,NA,1,"H",14,2,"H"
"Upper Pleasant",5254,1,2022-09-08,6,1,"M","G",NA,"E","D",NA,"T","Sp","D",NA,"LM","D","Cell Constant 1.08,",NA,"B","D",NA,"kp1g",21,1,"H",NA,1,"H"
"Upper Pleasant",5254,1,2022-09-08,6,3,"M","G",NA,"E","D",NA,"T","Sp","D",NA,"LM","D","Cell Constant 1.08,",NA,"B","D",NA,"kp3g",28,1,"H",NA,1,"H"
"Upper Pleasant",5254,1,2022-09-08,6,5,"M","G",NA,"E","D",NA,"T","Sp","D",NA,"LM","D","Cell Constant 1.08,",NA,"B","D",NA,"kp5g",20,1,"H",NA,1,"H"
"Upper Pleasant",5254,1,2022-09-08,6,6,"M","G",NA,"E","D",NA,"T","Sp","D",NA,"LM","D","Cell Constant 1.08,",NA,"B","D",NA,"kp6g",18,1,"H",NA,1,"H"
"Upper Pleasant",5254,1,2022-09-08,6,7,"M","G",NA,"E","D",NA,"T","Sp","D",NA,"LM","D","Cell Constant 1.08,",NA,"B","D",NA,"kp7g",19,1,"H",NA,1,"H"
"Upper Pleasant",5254,1,2022-09-08,6,8.5,"M","G",NA,"E","D",NA,"T","Sp","D",NA,"LM","D","Cell Constant 1.08,",NA,"B","D",NA,"kp8.5bg",210,1,"H",NA,1,"H"
"Pleasant",5254,1,2022-10-12,8,8,"M","C",NA,"E","D",NA,"T","Sp","D",NA,"LM","D","Cell Constant 1.08,",NA,"B","D",NA,"KP8C",34,1,"H",15,1,"H"
"Pleasant",5254,1,2022-10-12,8,1,"M","G",NA,"E","D",NA,"T","Sp","D",NA,"LM","D","Cell Constant 1.08,",NA,"B","D",NA,"KP1G",23,1,"H",NA,1,"H"
"Pleasant",5254,1,2022-10-12,8,3,"M","G",NA,"E","D",NA,"T","Sp","D",NA,"LM","D","Cell Constant 1.08,",NA,"B","D",NA,"KP3G",65,1,"H",NA,1,"H"
"Pleasant",5254,1,2022-10-12,8,3,"M","G",NA,"E","D",NA,"T","Sp","D",NA,"LM","D","Cell Constant 1.08,",NA,"B","D",NA,"KP3G2",53,2,"H",NA,1,"H"
"Pleasant",5254,1,2022-10-12,8,5,"M","G",NA,"E","D",NA,"T","Sp","D",NA,"LM","D","Cell Constant 1.08,",NA,"B","D",NA,"KP5G",36,1,"H",NA,1,"H"
"Pleasant",5254,1,2022-10-12,8,7,"M","G",NA,"E","D",NA,"T","Sp","D",NA,"LM","D","Cell Constant 1.08,",NA,"B","D",NA,"KP7G",26,1,"H",NA,1,"H"
"Pleasant",5254,1,2022-10-12,8,8,"M","G",NA,"E","D",NA,"T","Sp","D",NA,"LM","D","Cell Constant 1.08,",NA,"B","D",NA,"KP8G",26,1,"H",NA,1,"H"
"Upper Pleasant",5254,1,2022-10-12,8,8,"M","C",NA,"E","D",NA,"T","Sp","D",NA,"LM","D","Cell Constant 1.08,",NA,"B","D",NA,"KP8C",34,1,"H",15,1,"H"
"Upper Pleasant",5254,1,2022-10-12,8,1,"M","G",NA,"E","D",NA,"T","Sp","D",NA,"LM","D","Cell Constant 1.08,",NA,"B","D",NA,"KP1G",23,1,"H",NA,1,"H"
"Upper Pleasant",5254,1,2022-10-12,8,3,"M","G",NA,"E","D",NA,"T","Sp","D",NA,"LM","D","Cell Constant 1.08,",NA,"B","D",NA,"KP3G",65,1,"H",NA,1,"H"
"Upper Pleasant",5254,1,2022-10-12,8,3,"M","G",NA,"E","D",NA,"T","Sp","D",NA,"LM","D","Cell Constant 1.08,",NA,"B","D",NA,"KP3G2",53,2,"H",NA,1,"H"
"Upper Pleasant",5254,1,2022-10-12,8,5,"M","G",NA,"E","D",NA,"T","Sp","D",NA,"LM","D","Cell Constant 1.08,",NA,"B","D",NA,"KP5G",36,1,"H",NA,1,"H"
"Upper Pleasant",5254,1,2022-10-12,8,7,"M","G",NA,"E","D",NA,"T","Sp","D",NA,"LM","D","Cell Constant 1.08,",NA,"B","D",NA,"KP7G",26,1,"H",NA,1,"H"
"Upper Pleasant",5254,1,2022-10-12,8,8,"M","G",NA,"E","D",NA,"T","Sp","D",NA,"LM","D","Cell Constant 1.08,",NA,"B","D",NA,"KP8G",26,1,"H",NA,1,"H"
"Pleasant",5254,1,2022-06-28,5,5,"M","C",NA,"E","D",NA,"T","Sp","D",NA,"LM","D","Cell Constant 1.08,",NA,"B","D",NA,"KP5C",12,1,"H",3,1,"H"
"Pleasant",5254,1,2022-06-28,5,5,"M","C",NA,"E","D",NA,"T","Sp","D",NA,"LM","D","Cell Constant 1.08,",NA,"B","D",NA,"KP5C2",13,2,"H",NA,1,"H"
"Pleasant",5254,1,2022-06-28,5,6,"M","G",NA,"E","D",NA,"T","Sp","D",NA,"LM","D","Cell Constant 1.08,",NA,"B","D",NA,"KP6G",79,1,"H",NA,1,"H"
"Pleasant",5254,1,2022-06-28,5,8.3,"M","C",NA,"E","D",NA,"T","Sp","D",NA,"LM","D","Cell Constant 1.08,",NA,"B","D",NA,"KP8.3G",16,1,"H",NA,1,"H"
"Upper Pleasant",5254,1,2022-06-28,5,5,"M","C",NA,"E","D",NA,"T","Sp","D",NA,"LM","D","Cell Constant 1.08,",NA,"B","D",NA,"KP5C",12,1,"H",3,1,"H"
"Upper Pleasant",5254,1,2022-06-28,5,5,"M","C",NA,"E","D",NA,"T","Sp","D",NA,"LM","D","Cell Constant 1.08,",NA,"B","D",NA,"KP5C2",13,2,"H",NA,1,"H"
"Upper Pleasant",5254,1,2022-06-28,5,6,"M","G",NA,"E","D",NA,"T","Sp","D",NA,"LM","D","Cell Constant 1.08,",NA,"B","D",NA,"KP6G",79,1,"H",NA,1,"H"
"Upper Pleasant",5254,1,2022-06-28,5,8.3,"M","C",NA,"E","D",NA,"T","Sp","D",NA,"LM","D","Cell Constant 1.08,",NA,"B","D",NA,"KP8.3G",16,1,"H",NA,1,"H"
"Pleasant",5254,3,2022-09-10,3.5,3.5,"M","C",NA,"E","D",NA,"T","Sp","D",NA,"LM","D","Cell Constant 1.08,",NA,"B","D",NA,"kpu3.5c",14,1,"H",4,1,"H"
"Pleasant",5254,3,2022-09-10,3.5,3.5,"M","C",NA,"E","D",NA,"T","Sp","D",NA,"LM","D","Cell Constant 1.08,",NA,"B","D",NA,"kpu3.5c2",13,2,"H",NA,1,"H"
"Pleasant",5254,3,2022-09-10,3.5,3.5,NA,NA,NA,"E","D",NA,"T","Sp","D",NA,"LM","D","Cell Constant 1.08,",NA,"B","D",NA,"kpu3.5bg",14,1,"H",NA,1,"H"
"Upper Pleasant",5254,3,2022-09-10,3.5,3.5,"M","C",NA,"E","D",NA,"T","Sp","D",NA,"LM","D","Cell Constant 1.08,",NA,"B","D",NA,"kpu3.5c",14,1,"H",4,1,"H"
"Upper Pleasant",5254,3,2022-09-10,3.5,3.5,"M","C",NA,"E","D",NA,"T","Sp","D",NA,"LM","D","Cell Constant 1.08,",NA,"B","D",NA,"kpu3.5c2",13,2,"H",NA,1,"H"
"Upper Pleasant",5254,3,2022-09-10,3.5,3.5,NA,NA,NA,"E","D",NA,"T","Sp","D",NA,"LM","D","Cell Constant 1.08,",NA,"B","D",NA,"kpu3.5bg",14,1,"H",NA,1,"H"
