MIDAS,LAKE,BASIN,SAMPDATE,AGENCY,CHLA,DEPTH,TYPE,R
98,NARROWS P (UPPER),1,1998-07-24,CW,15.41,5,C,1
98,NARROWS P (UPPER),1,1998-08-05,CW,6.06,5,C,1
98,NARROWS P (UPPER),1,1998-09-30,CW,11.3,6,C,1
98,NARROWS P (UPPER),1,1999-05-26,CW,4.41,7,C,1
98,NARROWS P (UPPER),1,2000-05-22,CW,3.3,5,C,1
98,NARROWS P (UPPER),1,2000-06-23,CW,4,6,C,1
98,NARROWS P (UPPER),1,2000-07-26,CW,4.5,6,C,1
98,NARROWS P (UPPER),1,2000-08-29,CW,4,7,C,1
98,NARROWS P (UPPER),1,2000-09-25,CW,4.6,6,C,1
98,NARROWS P (UPPER),1,2000-10-23,CW,4.2,10,C,1
98,NARROWS P (UPPER),1,2001-09-11,CW,6.3,7,c,1
98,NARROWS P (UPPER),1,2002-04-24,CW,5.4,5,C,1
98,NARROWS P (UPPER),1,2002-05-17,CW,4.1,10,C,1
98,NARROWS P (UPPER),1,2002-06-14,CW,6.2,7,C,1
98,NARROWS P (UPPER),1,2002-07-02,CW,3,3,C,1
98,NARROWS P (UPPER),1,2002-07-18,CW,2.5,4,C,1
98,NARROWS P (UPPER),1,2002-08-07,CW,2.7,6,C,1
98,NARROWS P (UPPER),1,2002-08-23,CW,3.3,5,C,1
98,NARROWS P (UPPER),1,2002-09-06,CW,3.4,7,C,1
98,NARROWS P (UPPER),1,2002-10-04,CW,3.4,7,C,1
98,NARROWS P (UPPER),1,2002-10-21,CW,3.8,10,C,1
98,NARROWS P (UPPER),1,2002-11-12,CW,6.6,10,C,1
98,NARROWS P (UPPER),1,2003-05-29,CW,6.1,7,C,1
98,NARROWS P (UPPER),1,2003-06-23,CW,4.8,5,C,1
98,NARROWS P (UPPER),1,2003-07-28,CW,7.2,6,C,1
98,NARROWS P (UPPER),1,2003-08-27,CW,3.1,7,C,1
98,NARROWS P (UPPER),1,2003-09-29,CW,2.5,7,C,1
98,NARROWS P (UPPER),1,2003-10-24,CW,4.2,10,C,1
98,NARROWS P (UPPER),1,2006-06-07,CW,4.4,3,C,1
98,NARROWS P (UPPER),1,2006-07-06,CW,6.3,5,C,1
98,NARROWS P (UPPER),1,2006-08-03,CW,7,3,C,1
98,NARROWS P (UPPER),1,2006-09-05,CW,5,5,C,1
98,NARROWS P (UPPER),1,2006-10-09,CW,4,7,C,1
98,NARROWS P (UPPER),1,2009-05-20,CW,1.3,5,C,1
98,NARROWS P (UPPER),1,2009-06-11,CW,1.6,5,C,1
98,NARROWS P (UPPER),1,2009-07-14,CW,1.9,5,C,1
98,NARROWS P (UPPER),1,2009-08-10,CW,2.3,6,C,1
98,NARROWS P (UPPER),1,2009-09-30,CW,3.8,6,C,1
98,NARROWS P (UPPER),1,2009-10-29,CW,3.8,10,C,1
98,NARROWS P (UPPER),1,2012-06-12,CW,3,6,C,1
98,NARROWS P (UPPER),1,2012-07-19,CW,13,5,C,1
98,NARROWS P (UPPER),1,2012-08-20,CW,4.1,5,C,1
98,NARROWS P (UPPER),1,2012-09-20,CW,3.9,6,C,1
98,NARROWS P (UPPER),1,2012-10-25,CW,2.8,7,C,1
98,NARROWS P (UPPER),1,2013-06-27,CW,2.7,7,C,1
98,NARROWS P (UPPER),1,2013-07-25,CW,7.5,5,C,1
98,NARROWS P (UPPER),1,2013-08-23,CW,5.3,4.5,C,1
98,NARROWS P (UPPER),1,2013-09-18,CW,6.4,6,C,1
98,NARROWS P (UPPER),1,2014-05-30,CW,3.4,6,C,1
98,NARROWS P (UPPER),1,2014-06-19,CW,4,6,C,1
98,NARROWS P (UPPER),1,2014-07-17,CW,7.1,7,C,1
98,NARROWS P (UPPER),1,2014-08-28,CW,12,7,C,1
98,NARROWS P (UPPER),1,2014-10-07,CW,6.3,7,C,1
98,NARROWS P (UPPER),1,2015-06-03,CW,8,8,C,1
98,NARROWS P (UPPER),1,2015-06-17,CW,11,7,C,1
98,NARROWS P (UPPER),1,2015-07-27,CW,12,8,C,1
98,NARROWS P (UPPER),1,2015-08-27,CW,5,7,C,1
98,NARROWS P (UPPER),1,2015-10-27,CW,2.9,9,C,1
98,NARROWS P (UPPER),1,2016-05-19,CW,2.7,9,C,1
98,NARROWS P (UPPER),1,2016-06-07,CW,2.1,6,C,1
98,NARROWS P (UPPER),1,2016-07-12,CW,3.6,7,C,1
98,NARROWS P (UPPER),1,2016-08-15,CW,6.2,8,C,1
98,NARROWS P (UPPER),1,2016-09-22,CW,3.1,7,C,1
98,NARROWS P (UPPER),1,2016-11-02,CW,3.3,9,C,1
98,NARROWS P (UPPER),1,2017-05-30,CW,4.7,8,C,1
98,NARROWS P (UPPER),1,2017-06-30,CW,4.9,6,C,1
98,NARROWS P (UPPER),1,2017-07-26,CW,4.2,6,C,1
98,NARROWS P (UPPER),1,2017-08-29,CW,2.3,6,C,1
98,NARROWS P (UPPER),1,2017-09-28,CW,7.7,9,C,1
98,NARROWS P (UPPER),1,2018-05-31,CW,3,6,C,1
98,NARROWS P (UPPER),1,2018-06-29,CW,7,7,C,1
98,NARROWS P (UPPER),1,2018-07-19,CW,5,7,C,1
98,NARROWS P (UPPER),1,2018-08-28,CW,5,8,C,1
98,NARROWS P (UPPER),1,2018-09-13,CW,7,8,C,1
98,NARROWS P (UPPER),1,2018-11-09,CW,2,9,C,1
98,NARROWS P (UPPER),1,2019-07-15,CW,5,5,C,1
98,NARROWS P (UPPER),1,2019-08-15,CW,6,6,C,1
98,NARROWS P (UPPER),1,2019-09-19,CW,10,6.5,C,1
98,NARROWS P (UPPER),1,2019-10-24,CW,6,9,C,1
98,NARROWS P (UPPER),1,2020-08-31,CW,3,7,C,1
98,NARROWS P (UPPER),1,2020-10-06,CW,3,7.5,C,1
98,NARROWS P (UPPER),1,2020-11-09,CW,2,9,C,1
103,NARROWS P (LOWER),1,2000-05-17,CW,12,10,C,1
103,NARROWS P (LOWER),1,2000-06-26,CW,3.8,5,C,1
103,NARROWS P (LOWER),1,2000-07-18,CW,5.3,6,C,1
103,NARROWS P (LOWER),1,2000-08-22,CW,2.1,6,C,1
103,NARROWS P (LOWER),1,2000-09-19,CW,3,7,C,1
103,NARROWS P (LOWER),1,2000-10-19,CW,3.7,10,C,1
103,NARROWS P (LOWER),1,2003-06-11,CW,3.4,10,C,1
103,NARROWS P (LOWER),1,2003-07-07,CW,1.7,5,C,1
103,NARROWS P (LOWER),1,2003-08-06,CW,3,6,C,1
103,NARROWS P (LOWER),1,2003-09-30,CW,4.1,8,C,1
103,NARROWS P (LOWER),1,2004-07-13,CW,1.4,5,C,1
103,NARROWS P (LOWER),1,2004-08-17,CW,2.4,5,C,1
103,NARROWS P (LOWER),1,2004-09-24,CW,2.7,7,C,1
103,NARROWS P (LOWER),1,2004-11-04,CW,4.5,10,C,1
103,NARROWS P (LOWER),1,2006-05-31,CW,4.7,7,C,1
103,NARROWS P (LOWER),1,2006-07-26,CW,4.3,5,C,1
103,NARROWS P (LOWER),1,2006-08-21,CW,5.1,6,C,1
103,NARROWS P (LOWER),1,2006-09-28,CW,2.6,7,C,1
103,NARROWS P (LOWER),1,2006-11-01,CW,3.6,10,C,1
103,NARROWS P (LOWER),1,2009-05-22,CW,1.2,4,C,1
103,NARROWS P (LOWER),1,2009-06-30,CW,3,4,C,1
103,NARROWS P (LOWER),1,2009-07-21,CW,1.6,5,C,1
103,NARROWS P (LOWER),1,2009-08-14,CW,1.8,6,C,1
103,NARROWS P (LOWER),1,2009-09-28,CW,1.3,7,C,1
103,NARROWS P (LOWER),1,2009-10-20,CW,2.1,10,C,1
103,NARROWS P (LOWER),1,2010-08-23,cw,1.4,6,C,1
103,NARROWS P (LOWER),1,2012-06-11,cw,4,8,C,1
103,NARROWS P (LOWER),1,2012-06-27,cw,6.4,5,C,1
103,NARROWS P (LOWER),1,2012-07-18,cw,6.8,6,C,1
103,NARROWS P (LOWER),1,2012-08-13,cw,5.3,6,C,1
103,NARROWS P (LOWER),1,2012-09-18,cw,2.6,7,C,1
103,NARROWS P (LOWER),1,2015-05-29,CW,4.7,8,C,1
103,NARROWS P (LOWER),1,2015-06-18,CW,3.1,8,C,1
103,NARROWS P (LOWER),1,2015-07-13,CW,6.3,8,C,1
103,NARROWS P (LOWER),1,2015-08-04,CW,6.1,8,C,1
103,NARROWS P (LOWER),1,2015-09-02,CW,4.4,8,C,1
103,NARROWS P (LOWER),1,2015-10-14,CW,3.3,10,C,1
103,NARROWS P (LOWER),1,2018-05-21,CW,8,9,C,1
103,NARROWS P (LOWER),1,2018-06-25,CW,4,7,C,1
103,NARROWS P (LOWER),1,2018-07-18,CW,4,8,C,1
103,NARROWS P (LOWER),1,2018-08-17,CW,7,8,C,1
103,NARROWS P (LOWER),1,2018-09-14,CW,6,8,C,1
103,NARROWS P (LOWER),1,2018-10-17,CW,2,8,C,1
3814,COCHNEWAGON P,1,1998-05-05,CW,5.38,8,C,1
3814,COCHNEWAGON P,1,1998-06-08,CW,3.9,8,C,1
3814,COCHNEWAGON P,1,1998-07-07,CW,4.71,6,C,1
3814,COCHNEWAGON P,1,1998-08-04,CW,4.76,6,C,1
3814,COCHNEWAGON P,1,1998-09-09,CW,7.38,7,C,1
3814,COCHNEWAGON P,1,1998-10-06,CW,12.45,8,C,1
3814,COCHNEWAGON P,1,1998-10-16,CW,12.78,8,C,1
3814,COCHNEWAGON P,1,1999-05-17,CW,4.33,8,C,1
3814,COCHNEWAGON P,1,1999-06-01,CW,3.64,5,C,1
3814,COCHNEWAGON P,1,1999-07-07,CW,3.38,6,C,1
3814,COCHNEWAGON P,1,1999-08-03,CW,6.832,7,C,1
3814,COCHNEWAGON P,1,1999-09-02,CW,4.1,8,C,1
3814,COCHNEWAGON P,1,1999-09-21,CW,14.5,8,C,1
3814,COCHNEWAGON P,1,1999-09-27,CW,11.5,7,C,1
3814,COCHNEWAGON P,1,1999-10-07,CW,4.75,8,C,1
3814,COCHNEWAGON P,1,2000-05-02,CW,4.15,9,C,1
3814,COCHNEWAGON P,1,2000-06-06,CW,4.2,7,C,1
3814,COCHNEWAGON P,1,2000-07-07,CW,6,7,C,1
3814,COCHNEWAGON P,1,2000-08-01,CW,4.2,7,C,1
3814,COCHNEWAGON P,1,2000-08-14,CW,4.7,6,C,1
3814,COCHNEWAGON P,1,2000-08-28,CW,5.7,7,C,1
3814,COCHNEWAGON P,1,2000-09-11,CW,10.4,8,C,1
3814,COCHNEWAGON P,1,2000-10-03,CW,11.4,8,C,1
3814,COCHNEWAGON P,1,2000-10-19,CW,8.3,8,C,1
3814,COCHNEWAGON P,1,2001-05-22,CW,4.3,8,C,1
3814,COCHNEWAGON P,1,2001-06-21,CW,2.8,6,C,1
3814,COCHNEWAGON P,1,2001-07-19,CW,3.8,7,C,1
3814,COCHNEWAGON P,1,2001-08-22,CW,5.6,7,C,1
3814,COCHNEWAGON P,1,2001-09-12,CW,12.6,7,C,1
3814,COCHNEWAGON P,1,2001-10-10,CW,2.5,8,C,1
3814,COCHNEWAGON P,1,2002-05-10,CW,3.5,8,C,1
3814,COCHNEWAGON P,1,2002-06-17,CW,3.5,8,C,1
3814,COCHNEWAGON P,1,2002-07-31,CW,5.8,7,C,1
3814,COCHNEWAGON P,1,2002-08-27,CW,5.5,6,C,1
3814,COCHNEWAGON P,1,2002-09-27,CW,2.3,8,C,1
3814,COCHNEWAGON P,1,2002-10-25,CW,4.8,8,C,1
3814,COCHNEWAGON P,1,2003-05-09,CW,4.3,7,C,1
3814,COCHNEWAGON P,1,2003-06-04,CW,3.2,8,C,1
3814,COCHNEWAGON P,1,2003-07-02,CW,2.4,7,C,1
3814,COCHNEWAGON P,1,2003-08-04,CW,3.3,7,C,1
3814,COCHNEWAGON P,1,2003-09-09,CW,10.8,7,C,1
3814,COCHNEWAGON P,1,2003-10-10,CW,8.6,7,C,1
3814,COCHNEWAGON P,1,2004-05-12,cw,0.4,7,C,1
3814,COCHNEWAGON P,1,2004-06-09,CW,3,7,C,1
3814,COCHNEWAGON P,1,2004-07-01,CW,1.5,6,C,1
3814,COCHNEWAGON P,1,2004-08-04,CW,5.1,6,C,1
3814,COCHNEWAGON P,1,2004-09-03,CW,5.8,7,C,1
3814,COCHNEWAGON P,1,2004-10-05,CW,11.6,7,C,1
3814,COCHNEWAGON P,1,2005-05-13,CW,3.3,8,C,1
3814,COCHNEWAGON P,1,2005-06-13,CW,4.1,7,C,1
3814,COCHNEWAGON P,1,2005-07-14,CW,3.9,5,C,1
3814,COCHNEWAGON P,1,2005-08-10,CW,9.9,6,C,1
3814,COCHNEWAGON P,1,2005-09-08,CW,15.4,6,C,1
3814,COCHNEWAGON P,1,2005-10-17,CW,7.7,8,C,1
3814,COCHNEWAGON P,1,2006-05-15,CW,4.3,7,C,1
3814,COCHNEWAGON P,1,2006-06-14,CW,19,8,C,1
3814,COCHNEWAGON P,1,2006-07-10,CW,4.6,7,C,1
3814,COCHNEWAGON P,1,2006-08-09,CW,9.7,6,C,1
3814,COCHNEWAGON P,1,2006-08-23,CW,20,6,C,1
3814,COCHNEWAGON P,1,2006-09-07,CW,14,7,C,1
3814,COCHNEWAGON P,1,2006-10-11,CW,7.2,7,C,1
3814,COCHNEWAGON P,1,2007-05-10,CW,8.6,7,C,1
3814,COCHNEWAGON P,1,2007-06-06,CW,4,4,C,1
3814,COCHNEWAGON P,1,2007-07-03,CW,4.4,6,C,1
3814,COCHNEWAGON P,1,2007-08-02,CW,2.6,5,C,2
3814,COCHNEWAGON P,1,2007-08-02,CW,2.5,5,C,1
3814,COCHNEWAGON P,1,2007-09-07,CW,16,7,C,1
3814,COCHNEWAGON P,1,2007-09-20,CW,18,6,C,1
3814,COCHNEWAGON P,1,2007-10-17,CW,11,7,C,1
3814,COCHNEWAGON P,1,2008-05-07,CW,5.1,7,C,1
3814,COCHNEWAGON P,1,2008-05-21,CW,2.5,6,C,1
3814,COCHNEWAGON P,1,2008-06-02,CW,3.2,7,C,1
3814,COCHNEWAGON P,1,2008-06-18,CW,6.7,5,C,1
3814,COCHNEWAGON P,1,2008-07-02,CW,11,6,C,1
3814,COCHNEWAGON P,1,2008-07-16,CW,23,6,C,1
3814,COCHNEWAGON P,1,2008-07-30,CW,9.8,6,C,1
3814,COCHNEWAGON P,1,2008-08-14,CW,16,6,C,1
3814,COCHNEWAGON P,1,2008-08-27,CW,6.9,6,C,1
3814,COCHNEWAGON P,1,2008-09-10,CW,11,7,C,1
3814,COCHNEWAGON P,1,2008-09-19,CW,19,8,C,1
3814,COCHNEWAGON P,1,2008-09-24,CW,21,8,C,1
3814,COCHNEWAGON P,1,2008-09-24,CW,22,8,C,2
3814,COCHNEWAGON P,1,2008-10-08,CW,13,7,C,1
3814,COCHNEWAGON P,1,2008-10-23,CW,7.4,7,C,1
3814,COCHNEWAGON P,1,2009-05-21,CW,2.9,8,C,1
3814,COCHNEWAGON P,1,2009-06-05,CW,4.6,7,C,1
3814,COCHNEWAGON P,1,2009-06-17,CW,3.5,7,C,1
3814,COCHNEWAGON P,1,2009-07-01,CW,5.7,5,C,1
3814,COCHNEWAGON P,1,2009-07-15,CW,4.7,7,C,1
3814,COCHNEWAGON P,1,2009-07-28,CW,4.5,6,C,1
3814,COCHNEWAGON P,1,2009-08-12,CW,14,5,C,1
3814,COCHNEWAGON P,1,2009-08-27,CW,17,5,C,1
3814,COCHNEWAGON P,1,2009-09-09,CW,13,6,C,1
3814,COCHNEWAGON P,1,2009-09-23,CW,18,8,C,1
3814,COCHNEWAGON P,1,2009-10-08,CW,8.8,8,C,1
3814,COCHNEWAGON P,1,2009-10-23,CW,8,8,C,1
3814,COCHNEWAGON P,1,2010-05-05,CW,3.8,8,C,1
3814,COCHNEWAGON P,1,2010-05-18,CW,4.2,8,C,1
3814,COCHNEWAGON P,1,2010-06-02,CW,3.9,6,C,1
3814,COCHNEWAGON P,1,2010-06-15,CW,2.9,6,C,1
3814,COCHNEWAGON P,1,2010-06-29,CW,5.4,6,C,1
3814,COCHNEWAGON P,1,2010-07-13,CW,5.1,6,C,1
3814,COCHNEWAGON P,1,2010-07-27,CW,3.6,6,C,1
3814,COCHNEWAGON P,1,2010-08-10,CW,4.7,6,C,1
3814,COCHNEWAGON P,1,2010-08-23,CW,7.3,7,C,2
3814,COCHNEWAGON P,1,2010-08-23,CW,7.2,7,C,1
3814,COCHNEWAGON P,1,2010-09-09,CW,19,6,C,1
3814,COCHNEWAGON P,1,2010-09-22,CW,23,8,C,1
3814,COCHNEWAGON P,1,2010-10-07,CW,14,7.5,C,1
3814,COCHNEWAGON P,1,2010-10-20,CW,7.7,8,C,1
3814,COCHNEWAGON P,1,2011-05-18,CW,3.7,8,C,1
3814,COCHNEWAGON P,1,2011-06-01,CW,4.8,5,C,1
3814,COCHNEWAGON P,1,2011-06-15,CW,2.4,6,C,1
3814,COCHNEWAGON P,1,2011-06-27,CW,3.9,6,C,1
3814,COCHNEWAGON P,1,2011-07-12,CW,3.4,5.5,C,1
3814,COCHNEWAGON P,1,2011-07-27,CW,6.3,5.5,C,1
3814,COCHNEWAGON P,1,2011-08-11,CW,16,5.5,C,1
3814,COCHNEWAGON P,1,2011-08-24,CW,23,6,C,2
3814,COCHNEWAGON P,1,2011-08-24,CW,24,6,C,1
3814,COCHNEWAGON P,1,2011-09-08,CW,15,6,C,1
3814,COCHNEWAGON P,1,2011-09-23,CW,13,8,C,1
3814,COCHNEWAGON P,1,2011-10-05,CW,13,8,C,1
3814,COCHNEWAGON P,1,2011-11-03,CW,4.3,7,C,1
3814,COCHNEWAGON P,1,2012-05-24,CW,2.4,6,C,1
3814,COCHNEWAGON P,1,2012-06-05,CW,2.4,7,C,1
3814,COCHNEWAGON P,1,2012-06-21,CW,2.8,4,C,1
3814,COCHNEWAGON P,1,2012-07-03,CW,3.3,4.5,C,1
3814,COCHNEWAGON P,1,2012-07-16,CW,4.4,5,C,2
3814,COCHNEWAGON P,1,2012-07-16,CW,4.3,5,C,1
3814,COCHNEWAGON P,1,2012-08-01,CW,8.7,5.5,C,1
3814,COCHNEWAGON P,1,2012-08-15,CW,13,5,C,1
3814,COCHNEWAGON P,1,2012-08-27,CW,17,4.5,C,1
3814,COCHNEWAGON P,1,2012-09-12,CW,21,7,C,1
3814,COCHNEWAGON P,1,2012-09-27,CW,17,8,C,1
3814,COCHNEWAGON P,1,2012-10-16,CW,13,8,C,1
3814,COCHNEWAGON P,1,2013-05-10,CW,5.1,6,C,1
3814,COCHNEWAGON P,1,2013-05-23,CW,3.1,7,C,1
3814,COCHNEWAGON P,1,2013-06-06,CW,1.8,6,C,1
3814,COCHNEWAGON P,1,2013-06-18,CW,2.5,6,C,1
3814,COCHNEWAGON P,1,2013-07-02,CW,4.7,5.5,C,1
3814,COCHNEWAGON P,1,2013-07-15,CW,3.6,6,C,1
3814,COCHNEWAGON P,1,2013-07-29,CW,4.5,5.5,C,1
3814,COCHNEWAGON P,1,2013-08-14,CW,5.8,6,C,1
3814,COCHNEWAGON P,1,2013-08-28,CW,2.1,5.5,C,1
3814,COCHNEWAGON P,1,2013-09-11,CW,5.3,7,C,1
3814,COCHNEWAGON P,1,2013-09-25,CW,9.5,8,C,1
3814,COCHNEWAGON P,1,2013-10-09,CW,4.4,8,C,1
3814,COCHNEWAGON P,1,2013-10-23,CW,3.7,7,C,1
3814,COCHNEWAGON P,1,2014-05-21,CW,2.9,7,C,1
3814,COCHNEWAGON P,1,2014-06-04,CW,1.6,7,C,1
3814,COCHNEWAGON P,1,2014-06-18,CW,2.8,6,C,1
3814,COCHNEWAGON P,1,2014-07-02,CW,2.5,6.5,C,1
3814,COCHNEWAGON P,1,2014-07-17,CW,3.4,6.5,C,1
3814,COCHNEWAGON P,1,2014-07-30,CW,3.3,6,C,1
3814,COCHNEWAGON P,1,2014-08-15,CW,3.9,6,C,1
3814,COCHNEWAGON P,1,2014-08-27,CW,8.8,6.5,C,1
3814,COCHNEWAGON P,1,2014-09-10,CW,21,5.5,C,1
3814,COCHNEWAGON P,1,2014-09-26,CW,17,7,C,1
3814,COCHNEWAGON P,1,2014-10-09,CW,29,7,C,1
3814,COCHNEWAGON P,1,2014-10-20,CW,27,8,C,1
3814,COCHNEWAGON P,1,2015-05-15,CW,3.5,7,C,1
3814,COCHNEWAGON P,1,2015-05-28,CW,4.8,6,C,1
3814,COCHNEWAGON P,1,2015-06-10,CW,4.6,6,C,1
3814,COCHNEWAGON P,1,2015-06-24,CW,4.4,7,C,1
3814,COCHNEWAGON P,1,2015-07-08,CW,5.9,5.5,C,1
3814,COCHNEWAGON P,1,2015-07-22,CW,5.8,6,C,1
3814,COCHNEWAGON P,1,2015-08-05,CW,8.1,6,C,1
3814,COCHNEWAGON P,1,2015-08-18,CW,20,6,C,1
3814,COCHNEWAGON P,1,2015-08-18,CW,99.9,99.9,C,1
3814,COCHNEWAGON P,1,2015-09-01,CW,15,5,C,2
3814,COCHNEWAGON P,1,2015-09-01,CW,16,5,C,1
3814,COCHNEWAGON P,1,2015-09-16,CW,9.5,6,C,1
3814,COCHNEWAGON P,1,2015-10-02,CW,16,8,C,1
3814,COCHNEWAGON P,1,2015-10-14,CW,20,8,C,1
3814,COCHNEWAGON P,1,2015-11-03,CW,7.8,7.5,C,1
3814,COCHNEWAGON P,1,2016-05-04,CW,2.5,8,C,2
3814,COCHNEWAGON P,1,2016-05-04,CW,2.6,8,C,1
3814,COCHNEWAGON P,1,2016-05-17,CW,2.2,7,C,1
3814,COCHNEWAGON P,1,2016-06-01,CW,1.5,5,C,1
3814,COCHNEWAGON P,1,2016-06-16,CW,2.3,7,C,1
3814,COCHNEWAGON P,1,2016-07-06,CW,2.8,6,C,1
3814,COCHNEWAGON P,1,2016-07-20,CW,5.4,6,C,1
3814,COCHNEWAGON P,1,2016-08-03,CW,11,5,C,1
3814,COCHNEWAGON P,1,2016-08-17,CW,7.3,5,C,1
3814,COCHNEWAGON P,1,2016-08-31,CW,9.3,6,C,1
3814,COCHNEWAGON P,1,2016-09-14,CW,13,7,C,1
3814,COCHNEWAGON P,1,2016-09-28,CW,19,7,C,1
3814,COCHNEWAGON P,1,2016-10-12,CW,9.7,7,C,1
3814,COCHNEWAGON P,1,2016-10-27,CW,12,7,C,1
3814,COCHNEWAGON P,1,2017-05-12,CW,4.3,8,C,1
3814,COCHNEWAGON P,1,2017-05-24,CW,9,8,C,1
3814,COCHNEWAGON P,1,2017-06-08,CW,3.8,8,C,1
3814,COCHNEWAGON P,1,2017-06-20,CW,4.8,6,C,1
3814,COCHNEWAGON P,1,2017-07-06,CW,19.5,6,C,1
3814,COCHNEWAGON P,1,2017-07-19,CW,6,6,C,1
3814,COCHNEWAGON P,1,2017-07-31,CW,18,5.5,C,1
3814,COCHNEWAGON P,1,2017-08-16,CW,7.1,5,C,1
3814,COCHNEWAGON P,1,2017-08-31,CW,8.5,6,C,1
3814,COCHNEWAGON P,1,2017-08-31,CW,9.4,6,C,2
3814,COCHNEWAGON P,1,2017-09-13,CW,14,7,C,1
3814,COCHNEWAGON P,1,2017-09-29,CW,14,6,C,1
3814,COCHNEWAGON P,1,2017-10-11,CW,17,7,C,1
3814,COCHNEWAGON P,1,2017-11-01,CW,13,8,C,1
3814,COCHNEWAGON P,1,2018-05-18,CW,7,7,C,1
3814,COCHNEWAGON P,1,2018-05-30,CW,5,7,C,1
3814,COCHNEWAGON P,1,2018-06-13,CW,4,6,C,1
3814,COCHNEWAGON P,1,2018-06-27,CW,6,5.5,C,1
3814,COCHNEWAGON P,1,2018-07-11,CW,,99.9,C,1
3814,COCHNEWAGON P,1,2018-07-11,CW,2,5.5,C,1
3814,COCHNEWAGON P,1,2018-07-24,CW,2,6,C,1
3814,COCHNEWAGON P,1,2018-08-07,CW,2,6,C,1
3814,COCHNEWAGON P,1,2018-08-20,CW,4,6,C,1
3814,COCHNEWAGON P,1,2018-09-06,CW,7,6,C,1
3814,COCHNEWAGON P,1,2018-09-20,CW,17,6,C,1
3814,COCHNEWAGON P,1,2018-10-04,CW,18,8,C,1
3814,COCHNEWAGON P,1,2018-10-17,CW,18,7.5,C,1
3814,COCHNEWAGON P,1,2018-10-17,CW,18,7.5,C,2
3814,COCHNEWAGON P,1,2018-10-30,CW,11,7,C,1
3814,COCHNEWAGON P,1,2019-05-16,CW,3,7,C,1
3814,COCHNEWAGON P,1,2019-05-22,CW,3,7,C,1
3814,COCHNEWAGON P,1,2019-06-04,CW,2,7,C,1
3814,COCHNEWAGON P,1,2019-06-12,CW,,99.9,C,1
3814,COCHNEWAGON P,1,2019-06-13,CW,3,6,C,1
3814,COCHNEWAGON P,1,2019-06-19,CW,2,6,C,1
3814,COCHNEWAGON P,1,2019-07-03,CW,2,6,C,1
3814,COCHNEWAGON P,1,2019-07-16,CW,3,6,C,1
3814,COCHNEWAGON P,1,2019-07-31,CW,3,6,C,1
3814,COCHNEWAGON P,1,2019-08-14,CW,4,6,C,1
3814,COCHNEWAGON P,1,2019-08-27,CW,2,7,C,1
3814,COCHNEWAGON P,1,2019-09-11,CW,5,7,C,1
3814,COCHNEWAGON P,1,2019-09-25,CW,7,7,C,1
3814,COCHNEWAGON P,1,2019-10-09,CW,7,7,C,1
3814,COCHNEWAGON P,1,2019-10-09,CW,7,7,C,2
3814,COCHNEWAGON P,1,2019-10-22,CW,3,7.5,C,1
3814,COCHNEWAGON P,1,2019-11-21,CW,3,7,C,1
3814,COCHNEWAGON P,1,2020-05-18,CW,2,7,C,1
3814,COCHNEWAGON P,1,2020-06-17,CW,2,7,C,1
3814,COCHNEWAGON P,1,2020-07-15,CW,2,7,C,1
3814,COCHNEWAGON P,1,2020-07-29,CW,2,6,C,1
3814,COCHNEWAGON P,1,2020-08-12,CW,3,6.5,C,1
3814,COCHNEWAGON P,1,2020-08-26,CW,2,7,C,1
3814,COCHNEWAGON P,1,2020-09-09,CW,2,7,C,1
3814,COCHNEWAGON P,1,2020-09-22,CW,2,7,C,1
3814,COCHNEWAGON P,1,2020-10-14,CW,3,7.5,C,1
3814,COCHNEWAGON P,1,2020-10-29,CW,2,7,C,1
3828,BERRY P,1,1999-05-13,CW,4.6,5,C,1
3828,BERRY P,1,1999-06-08,CW,4.04,4,C,1
3828,BERRY P,1,1999-07-08,CW,4.63,5,C,1
3828,BERRY P,1,1999-08-09,CW,3.72,5,C,1
3828,BERRY P,1,1999-09-08,CW,3.75,5,C,1
3828,BERRY P,1,1999-10-15,CW,4.49,7,C,1
3828,BERRY P,1,2002-05-21,CW,2.5,8,C,1
3828,BERRY P,1,2002-06-21,CW,8.7,3,C,1
3828,BERRY P,1,2002-07-17,CW,5.4,3,C,1
3828,BERRY P,1,2002-08-20,CW,4.6,4,C,1
3828,BERRY P,1,2002-09-20,CW,4.4,5,C,1
3828,BERRY P,1,2002-10-23,CW,4.7,5,C,1
3828,BERRY P,1,2005-05-13,CW,2,8,C,1
3828,BERRY P,1,2005-07-05,CW,6.7,4,C,1
3828,BERRY P,1,2005-08-03,CW,22.8,4,C,1
3828,BERRY P,1,2005-09-09,CW,2.9,4,C,1
3828,BERRY P,1,2005-10-07,CW,2.6,6,C,1
3828,BERRY P,1,2008-05-30,cw,4.3,4,C,1
3828,BERRY P,1,2008-06-25,cw,7.9,4,C,1
3828,BERRY P,1,2008-07-30,cw,5.2,4,C,1
3828,BERRY P,1,2008-08-20,cw,5.7,4,C,1
3828,BERRY P,1,2008-09-25,cw,4.8,5,C,1
3828,BERRY P,1,2008-11-04,cw,3.2,8,C,1
3828,BERRY P,1,2010-08-09,CW,3.3,4,C,1
3828,BERRY P,1,2011-06-03,CW,6.1,4,C,1
3828,BERRY P,1,2011-06-28,CW,7,3.5,C,1
3828,BERRY P,1,2011-07-21,CW,4.7,3.5,C,1
3828,BERRY P,1,2011-08-12,CW,4.4,3.5,C,1
3828,BERRY P,1,2011-09-26,CW,3.6,5,C,1
3828,BERRY P,1,2014-06-02,CW,3.4,5,C,1
3828,BERRY P,1,2014-06-19,CW,3.4,4,C,1
3828,BERRY P,1,2014-07-15,CW,4.9,3.5,C,1
3828,BERRY P,1,2014-08-14,CW,3.8,3,C,1
3828,BERRY P,1,2014-09-15,CW,5.7,4,C,1
3828,BERRY P,1,2017-05-25,CW,2.6,6,C,1
3828,BERRY P,1,2017-06-22,CW,2.9,4,C,1
3828,BERRY P,1,2017-07-20,CW,5.2,3.5,C,1
3828,BERRY P,1,2017-08-17,CW,1.8,4,C,1
3828,BERRY P,1,2017-09-14,CW,4.5,5,C,1
3828,BERRY P,1,2017-10-12,CW,6.1,6,C,1
3830,DEXTER P,1,1999-05-13,CW,6.8,4,C,1
3830,DEXTER P,1,1999-06-08,CW,6.03,4,C,1
3830,DEXTER P,1,1999-07-08,CW,4.19,4,C,1
3830,DEXTER P,1,1999-08-09,CW,5.71,5,C,1
3830,DEXTER P,1,1999-09-08,CW,3.82,5,C,1
3830,DEXTER P,1,1999-10-15,CW,3.94,7,C,1
3830,DEXTER P,1,2002-05-21,CW,3.4,7,C,1
3830,DEXTER P,1,2002-06-17,CW,8.7,5,C,1
3830,DEXTER P,1,2002-07-17,CW,17.6,4,C,1
3830,DEXTER P,1,2002-08-20,Cw,4.6,4,C,1
3830,DEXTER P,1,2002-09-20,Cw,4.2,5,C,1
3830,DEXTER P,1,2002-10-23,CW,3,6,C,1
3830,DEXTER P,1,2005-05-05,CW,1.5,6,C,1
3830,DEXTER P,1,2005-06-13,CW,2.2,6,C,1
3830,DEXTER P,1,2005-07-12,CW,8.6,4,C,1
3830,DEXTER P,1,2005-08-10,CW,4.9,4,C,1
3830,DEXTER P,1,2005-09-16,CW,3.2,4,C,1
3830,DEXTER P,1,2005-10-17,CW,2.9,7,C,1
3830,DEXTER P,1,2008-05-20,CW,5.1,4,C,1
3830,DEXTER P,1,2008-06-13,CW,12,4,C,1
3830,DEXTER P,1,2008-07-16,CW,6.2,4,C,1
3830,DEXTER P,1,2008-08-20,CW,5.3,4,C,1
3830,DEXTER P,1,2008-09-25,CW,5.4,5,C,1
3830,DEXTER P,1,2008-11-04,CW,4.9,6,C,1
3830,DEXTER P,1,2011-05-24,CW,2.8,6,C,1
3830,DEXTER P,1,2011-06-27,CW,9,4,C,1
3830,DEXTER P,1,2011-07-12,CW,4.1,3.5,C,1
3830,DEXTER P,1,2011-08-11,CW,10,4,C,1
3830,DEXTER P,1,2011-09-12,CW,4.7,4.5,C,1
3830,DEXTER P,1,2014-06-02,CW,3.3,5,C,1
3830,DEXTER P,1,2014-06-16,CW,5.8,4,C,1
3830,DEXTER P,1,2014-07-14,CW,3.6,4,C,1
3830,DEXTER P,1,2014-08-07,CW,6.4,4,C,1
3830,DEXTER P,1,2014-09-08,CW,2,3.5,C,1
3830,DEXTER P,1,2017-05-04,CW,5.4,6,C,1
3830,DEXTER P,1,2017-06-19,CW,5.2,4,C,1
3830,DEXTER P,1,2017-07-17,CW,3.4,4,C,1
3830,DEXTER P,1,2017-08-16,CW,3.1,4,C,1
3830,DEXTER P,1,2017-09-12,CW,4.2,4.5,C,1
3830,DEXTER P,1,2017-10-10,CW,6.1,5,C,1
3832,WILSON P,1,1998-05-05,CW,7.2,10,C,1
3832,WILSON P,1,1998-06-09,CW,3.71,8,C,1
3832,WILSON P,1,1998-06-09,CW,8.11,2,C,1
3832,WILSON P,1,1998-07-07,CW,8.26,5,C,1
3832,WILSON P,1,1998-08-04,CW,6.17,5,C,1
3832,WILSON P,1,1998-09-09,CW,10.82,6,C,1
3832,WILSON P,1,1998-10-07,CW,23.67,10,C,1
3832,WILSON P,1,1999-05-17,CW,5,10,C,1
3832,WILSON P,1,1999-06-01,CW,6.13,6,C,1
3832,WILSON P,1,1999-07-07,CW,7.53,5,C,1
3832,WILSON P,1,1999-08-03,CW,7.21,6,C,1
3832,WILSON P,1,1999-09-02,CW,3.45,6,C,1
3832,WILSON P,1,1999-10-07,CW,10.2,10,C,1
3832,WILSON P,1,2000-05-03,CW,4.4,10,C,1
3832,WILSON P,1,2000-06-06,CW,5,10,C,1
3832,WILSON P,1,2000-07-07,CW,5.9,8,C,1
3832,WILSON P,1,2000-08-01,CW,6.8,6,C,1
3832,WILSON P,1,2000-09-06,CW,4.6,7,C,1
3832,WILSON P,1,2000-10-03,CW,7.7,10,C,1
3832,WILSON P,1,2001-05-03,CW,3.5,10,C,1
3832,WILSON P,1,2001-06-07,CW,26.7,7,C,1
3832,WILSON P,1,2001-07-05,CW,6.4,6,C,1
3832,WILSON P,1,2001-08-06,CW,5.4,7,C,1
3832,WILSON P,1,2001-09-06,CW,6.1,7,C,1
3832,WILSON P,1,2001-10-11,CW,7.7,7,C,1
3832,WILSON P,1,2002-05-07,CW,9.7,10,C,1
3832,WILSON P,1,2002-06-17,CW,4.7,10,C,1
3832,WILSON P,1,2002-07-08,CW,3.3,4,C,1
3832,WILSON P,1,2002-08-13,CW,5.9,6,C,1
3832,WILSON P,1,2002-09-09,CW,4.9,7,C,1
3832,WILSON P,1,2002-10-08,CW,9.6,10,C,1
3832,WILSON P,1,2003-05-16,CW,4.6,10,C,1
3832,WILSON P,1,2003-06-30,CW,6.1,7,C,1
3832,WILSON P,1,2003-07-01,CW,4.7,5,C,1
3832,WILSON P,1,2003-08-01,CW,5.4,6,C,1
3832,WILSON P,1,2003-09-05,CW,7.4,7,C,1
3832,WILSON P,1,2003-10-14,CW,8.4,9,C,1
3832,WILSON P,1,2004-05-20,CW,18.3,5,C,1
3832,WILSON P,1,2004-06-18,CW,7.6,5,C,1
3832,WILSON P,1,2004-07-13,CW,5.9,5,C,1
3832,WILSON P,1,2004-08-10,CW,9.1,5,C,1
3832,WILSON P,1,2004-09-16,CW,14,7,C,1
3832,WILSON P,1,2004-10-21,CW,7.8,10,C,1
3832,WILSON P,1,2005-05-05,CW,2.1,10,C,1
3832,WILSON P,1,2005-06-07,CW,3.9,10,C,1
3832,WILSON P,1,2005-07-12,CW,9.4,5,C,1
3832,WILSON P,1,2005-08-08,CW,5.2,5,C,1
3832,WILSON P,1,2005-09-16,CW,6.3,6,C,1
3832,WILSON P,1,2005-10-17,CW,4.8,10,C,1
3832,WILSON P,1,2006-05-15,CW,4.4,10,C,1
3832,WILSON P,1,2006-06-12,CW,6.3,6,C,1
3832,WILSON P,1,2006-07-12,CW,13,7,C,1
3832,WILSON P,1,2006-08-09,CW,6.9,6,C,1
3832,WILSON P,1,2006-09-12,CW,5.9,7,C,1
3832,WILSON P,1,2006-10-19,CW,9.5,10,C,1
3832,WILSON P,1,2007-05-24,CW,6.8,6,C,1
3832,WILSON P,1,2007-06-15,CW,6.6,5,C,1
3832,WILSON P,1,2007-07-11,CW,7.4,6,C,1
3832,WILSON P,1,2007-08-15,CW,9.7,6,C,1
3832,WILSON P,1,2007-09-21,CW,13,7,C,1
3832,WILSON P,1,2007-10-24,CW,11,8,C,1
3832,WILSON P,1,2008-05-07,CW,9.7,6,C,1
3832,WILSON P,1,2008-06-05,CW,15,7,C,1
3832,WILSON P,1,2008-07-02,CW,8.4,6,C,1
3832,WILSON P,1,2008-08-27,CW,6.1,6,C,1
3832,WILSON P,1,2008-09-25,CW,6.9,7,C,1
3832,WILSON P,1,2008-10-27,CW,4,10,C,1
3832,WILSON P,1,2009-05-21,CW,5.4,10,C,1
3832,WILSON P,1,2009-06-17,CW,4.9,5,C,1
3832,WILSON P,1,2009-07-15,CW,7.3,6,C,1
3832,WILSON P,1,2009-08-11,CW,6.7,5,C,1
3832,WILSON P,1,2009-09-10,CW,7.4,5,C,1
3832,WILSON P,1,2009-10-14,CW,6,10,C,1
3832,WILSON P,1,2010-05-18,CW,4.6,10,C,1
3832,WILSON P,1,2010-06-04,CW,8.6,5,C,1
3832,WILSON P,1,2010-07-06,CW,5.4,6,C,1
3832,WILSON P,1,2010-08-10,CW,5,5.5,C,1
3832,WILSON P,1,2010-09-15,CW,9,7,C,2
3832,WILSON P,1,2010-09-15,CW,9,7,C,1
3832,WILSON P,1,2010-10-22,CW,13,10,C,1
3832,WILSON P,1,2011-05-24,CW,3.7,10,C,1
3832,WILSON P,1,2011-06-27,CW,6.1,6,C,1
3832,WILSON P,1,2011-07-12,CW,6.8,5,C,1
3832,WILSON P,1,2011-08-11,CW,12,5.5,C,2
3832,WILSON P,1,2011-08-11,CW,12,5.5,C,1
3832,WILSON P,1,2011-09-12,CW,9.9,6.5,C,1
3832,WILSON P,1,2012-06-11,CW,6.4,6,C,1
3832,WILSON P,1,2012-07-12,CW,5.8,4.5,C,1
3832,WILSON P,1,2012-08-13,CW,4.8,4.5,C,1
3832,WILSON P,1,2012-09-07,CW,12,5.5,C,1
3832,WILSON P,1,2012-10-05,CW,7.6,8,C,1
3832,WILSON P,1,2013-05-22,CW,4,9,C,1
3832,WILSON P,1,2013-06-17,CW,5.8,6,C,1
3832,WILSON P,1,2013-07-31,CW,8.8,5,C,1
3832,WILSON P,1,2013-08-20,CW,13,4.5,C,1
3832,WILSON P,1,2013-09-16,CW,5.9,6,C,1
3832,WILSON P,1,2014-06-02,CW,16,7,C,1
3832,WILSON P,1,2014-06-16,CW,21,7,C,1
3832,WILSON P,1,2014-07-14,CW,4.4,5,C,1
3832,WILSON P,1,2014-08-07,CW,6.7,6,C,1
3832,WILSON P,1,2014-09-08,CW,1.6,6,C,1
3832,WILSON P,1,2014-10-31,CW,7.2,9,C,1
3832,WILSON P,1,2015-05-29,CW,12,8,C,1
3832,WILSON P,1,2015-06-22,CW,7.1,6,C,1
3832,WILSON P,1,2015-07-20,CW,9.1,5,C,1
3832,WILSON P,1,2015-08-03,CW,16,5,C,1
3832,WILSON P,1,2015-08-20,CW,9.7,5,C,1
3832,WILSON P,1,2015-09-21,CW,14,6,C,2
3832,WILSON P,1,2015-09-21,CW,15,6,C,1
3832,WILSON P,1,2015-10-20,CW,6.3,10,C,1
3832,WILSON P,1,2016-05-06,CW,1.9,9,C,1
3832,WILSON P,1,2016-05-20,CW,3,9,C,1
3832,WILSON P,1,2016-06-02,CW,3.6,4,C,1
3832,WILSON P,1,2016-06-15,CW,4.6,8,C,1
3832,WILSON P,1,2016-06-21,CW,3.9,7,C,1
3832,WILSON P,1,2016-07-05,CW,4.4,6,C,1
3832,WILSON P,1,2016-07-18,CW,3.7,5,C,1
3832,WILSON P,1,2016-08-04,CW,1.8,5,C,1
3832,WILSON P,1,2016-08-16,CW,3.1,5,C,1
3832,WILSON P,1,2016-09-01,CW,5.5,6,C,1
3832,WILSON P,1,2016-09-15,CW,7.1,7,C,1
3832,WILSON P,1,2016-09-15,CW,5.6,7,C,2
3832,WILSON P,1,2016-09-29,CW,9.2,8,C,1
3832,WILSON P,1,2016-10-12,CW,7.4,9,C,1
3832,WILSON P,1,2017-05-24,CW,29,9,C,1
3832,WILSON P,1,2017-06-07,CW,15,9,C,1
3832,WILSON P,1,2017-06-19,CW,5.5,6,C,1
3832,WILSON P,1,2017-07-17,CW,6,5.5,C,1
3832,WILSON P,1,2017-08-16,CW,4.1,6,C,1
3832,WILSON P,1,2017-09-12,CW,11,7,C,1
3832,WILSON P,1,2017-10-10,CW,9.9,7,C,1
3832,WILSON P,1,2018-05-30,CW,7,9,C,1
3832,WILSON P,1,2018-06-15,CW,6,7,C,1
3832,WILSON P,1,2018-07-11,CW,4,6,C,1
3832,WILSON P,1,2018-08-09,CW,10,5.5,C,1
3832,WILSON P,1,2018-09-06,CW,16,5,C,1
3832,WILSON P,1,2018-10-10,CW,7,7.5,C,1
3832,WILSON P,1,2019-05-08,CW,2,6,C,1
3832,WILSON P,1,2019-06-27,CW,6,5,C,1
3832,WILSON P,1,2019-07-17,CW,8,5,C,1
3832,WILSON P,1,2019-08-14,CW,8,6,C,1
3832,WILSON P,1,2019-09-09,CW,10,6,C,1
3832,WILSON P,1,2019-09-26,CW,13,6,C,2
3832,WILSON P,1,2019-09-26,CW,13,6,C,1
3832,WILSON P,1,2019-10-09,CW,13,8,C,1
3832,WILSON P,1,2020-06-17,CW,3,6,C,1
3832,WILSON P,1,2020-07-15,CW,4,6,C,1
3832,WILSON P,1,2020-08-10,CW,5,6,C,1
3832,WILSON P,1,2020-09-24,CW,12,8,C,1
3832,WILSON P,1,2020-10-14,CW,9,9,C,1
5236,COBBOSSEECONTEE L,1,1998-05-20,CW,4.78,7,C,1
5236,COBBOSSEECONTEE L,2,1998-05-20,CW,5.03,6,C,1
5236,COBBOSSEECONTEE L,2,1998-06-22,CW,3.91,10,C,1
5236,COBBOSSEECONTEE L,1,1998-06-22,CW,5.47,10,C,1
5236,COBBOSSEECONTEE L,2,1998-07-25,CW,5.52,6,C,1
5236,COBBOSSEECONTEE L,1,1998-07-25,CW,6.19,6,C,1
5236,COBBOSSEECONTEE L,1,1998-08-21,CW,14.5,7,C,1
5236,COBBOSSEECONTEE L,2,1998-08-21,CW,12.47,8,C,1
5236,COBBOSSEECONTEE L,1,1998-09-18,CW,14.44,9,C,1
5236,COBBOSSEECONTEE L,2,1998-09-18,CW,12.39,8,C,1
5236,COBBOSSEECONTEE L,2,1998-10-26,CW,14.04,10,C,1
5236,COBBOSSEECONTEE L,1,1998-10-26,CW,10.81,10,C,1
5236,COBBOSSEECONTEE L,2,1999-05-27,CW,7.39,10,C,1
5236,COBBOSSEECONTEE L,1,1999-05-27,CW,8.91,8,C,1
5236,COBBOSSEECONTEE L,1,1999-06-21,CW,7.41,7,C,1
5236,COBBOSSEECONTEE L,2,1999-06-21,CW,4.37,7,C,1
5236,COBBOSSEECONTEE L,2,1999-07-16,CW,9.43,7,C,1
5236,COBBOSSEECONTEE L,1,1999-07-16,CW,12.99,7,C,1
5236,COBBOSSEECONTEE L,1,1999-08-18,CW,10.3,8,C,1
5236,COBBOSSEECONTEE L,2,1999-08-18,CW,10.2,8,C,1
5236,COBBOSSEECONTEE L,1,1999-09-20,CW,13.7,10,C,1
5236,COBBOSSEECONTEE L,2,1999-09-20,CW,14.8,10,C,1
5236,COBBOSSEECONTEE L,2,1999-10-21,CW,18.9,10,C,1
5236,COBBOSSEECONTEE L,1,1999-10-21,CW,13.1,10,C,1
5236,COBBOSSEECONTEE L,1,2000-05-16,CW,3.9,10,C,1
5236,COBBOSSEECONTEE L,2,2000-05-16,CW,4,10,C,1
5236,COBBOSSEECONTEE L,1,2000-06-29,CW,6.4,10,C,1
5236,COBBOSSEECONTEE L,2,2000-06-29,CW,4.6,10,C,1
5236,COBBOSSEECONTEE L,1,2000-07-25,CW,7.8,8,C,1
5236,COBBOSSEECONTEE L,2,2000-07-25,CW,5.7,9,C,1
5236,COBBOSSEECONTEE L,1,2000-08-15,CW,10.7,7,C,1
5236,COBBOSSEECONTEE L,1,2000-08-15,CW,10.6,7,C,2
5236,COBBOSSEECONTEE L,2,2000-08-15,CW,6,7,C,1
5236,COBBOSSEECONTEE L,2,2000-08-15,CW,6.3,7,C,2
5236,COBBOSSEECONTEE L,1,2000-09-26,CW,11.6,10,C,1
5236,COBBOSSEECONTEE L,1,2000-09-26,CW,12.7,10,C,1
5236,COBBOSSEECONTEE L,2,2000-09-26,CW,14,9,C,1
5236,COBBOSSEECONTEE L,1,2000-10-20,CW,8.4,10,C,1
5236,COBBOSSEECONTEE L,1,2000-10-20,CW,8.7,10,C,2
5236,COBBOSSEECONTEE L,2,2000-10-20,CW,9.6,10,C,1
5236,COBBOSSEECONTEE L,2,2001-05-04,CW,9.4,10,C,2
5236,COBBOSSEECONTEE L,2,2001-05-04,CW,9.7,10,C,1
5236,COBBOSSEECONTEE L,1,2001-05-04,CW,12.8,10,c,1
5236,COBBOSSEECONTEE L,2,2001-06-08,CW,3.2,7,C,2
5236,COBBOSSEECONTEE L,2,2001-06-08,CW,3.4,7,C,1
5236,COBBOSSEECONTEE L,1,2001-06-08,CW,15.2,7,C,1
5236,COBBOSSEECONTEE L,1,2001-06-08,CW,17.1,7,C,2
5236,COBBOSSEECONTEE L,2,2001-07-10,CW,5.5,7,C,1
5236,COBBOSSEECONTEE L,1,2001-07-10,CW,6.8,7,C,2
5236,COBBOSSEECONTEE L,1,2001-07-10,CW,6.8,7,C,1
5236,COBBOSSEECONTEE L,1,2001-08-14,CW,11.3,7,C,1
5236,COBBOSSEECONTEE L,2,2001-08-14,CW,9.4,6,C,2
5236,COBBOSSEECONTEE L,2,2001-08-14,CW,9.7,6,C,1
5236,COBBOSSEECONTEE L,1,2001-08-14,CW,11,7,C,2
5236,COBBOSSEECONTEE L,2,2001-09-12,CW,13.3,7,C,1
5236,COBBOSSEECONTEE L,1,2001-09-12,CW,12.1,8,C,2
5236,COBBOSSEECONTEE L,2,2001-09-12,CW,13.1,7,C,2
5236,COBBOSSEECONTEE L,1,2001-09-12,CW,13.5,8,C,1
5236,COBBOSSEECONTEE L,2,2001-10-02,CW,13.6,9,C,2
5236,COBBOSSEECONTEE L,1,2001-10-02,CW,14,10,C,2
5236,COBBOSSEECONTEE L,1,2001-10-02,CW,14.2,10,C,1
5236,COBBOSSEECONTEE L,2,2001-10-02,CW,13.8,9,C,1
5236,COBBOSSEECONTEE L,2,2002-05-08,CW,4.8,10,C,1
5236,COBBOSSEECONTEE L,1,2002-05-10,CW,6.4,10,C,1
5236,COBBOSSEECONTEE L,1,2002-06-18,CW,3.6,10,C,1
5236,COBBOSSEECONTEE L,2,2002-06-18,CW,4.5,10,C,1
5236,COBBOSSEECONTEE L,1,2002-07-24,CW,5.9,8,C,1
5236,COBBOSSEECONTEE L,2,2002-07-24,CW,6,5,C,1
5236,COBBOSSEECONTEE L,1,2002-08-26,CW,10.6,7,C,1
5236,COBBOSSEECONTEE L,2,2002-08-26,CW,9,7,C,1
5236,COBBOSSEECONTEE L,1,2002-09-24,CW,10.8,10,C,1
5236,COBBOSSEECONTEE L,2,2002-09-24,CW,6,10,C,1
5236,COBBOSSEECONTEE L,1,2002-10-24,CW,17.2,10,C,1
5236,COBBOSSEECONTEE L,2,2002-10-24,CW,15.9,10,C,1
5236,COBBOSSEECONTEE L,1,2003-05-21,CW,4.7,4,C,1
5236,COBBOSSEECONTEE L,2,2003-05-23,CW,7.3,4,C,1
5236,COBBOSSEECONTEE L,2,2003-05-23,CW,6.3,10,C,1
5236,COBBOSSEECONTEE L,2,2003-06-16,CW,8.6,10,C,1
5236,COBBOSSEECONTEE L,1,2003-06-16,CW,6.9,9,C,1
5236,COBBOSSEECONTEE L,1,2003-07-21,CW,8.9,7,C,1
5236,COBBOSSEECONTEE L,2,2003-07-21,CW,5.5,7,C,1
5236,COBBOSSEECONTEE L,2,2003-08-20,CW,10.3,7,C,1
5236,COBBOSSEECONTEE L,1,2003-08-20,CW,10.1,7,C,1
5236,COBBOSSEECONTEE L,1,2003-09-26,CW,10.8,8,C,1
5236,COBBOSSEECONTEE L,2,2003-09-30,CW,8.8,8,C,1
5236,COBBOSSEECONTEE L,2,2003-10-31,CW,6.2,10,C,1
5236,COBBOSSEECONTEE L,1,2003-10-31,CW,6.1,10,C,1
5236,COBBOSSEECONTEE L,2,2004-05-25,CW,6.1,10,C,1
5236,COBBOSSEECONTEE L,1,2004-05-25,CW,4.9,9,C,1
5236,COBBOSSEECONTEE L,1,2004-06-21,CW,3.7,7,C,1
5236,COBBOSSEECONTEE L,2,2004-06-21,CW,2.9,8,C,1
5236,COBBOSSEECONTEE L,1,2004-07-21,CW,5.4,6,C,1
5236,COBBOSSEECONTEE L,2,2004-07-21,CW,6,7,C,1
5236,COBBOSSEECONTEE L,1,2004-08-16,CW,7.7,7,C,1
5236,COBBOSSEECONTEE L,2,2004-08-16,CW,11.4,7,C,1
5236,COBBOSSEECONTEE L,2,2004-09-21,CW,8.1,10,C,1
5236,COBBOSSEECONTEE L,1,2004-09-21,CW,13.3,10,C,1
5236,COBBOSSEECONTEE L,1,2004-10-19,CW,11.5,10,C,1
5236,COBBOSSEECONTEE L,2,2004-10-19,CW,11,10,C,1
5236,COBBOSSEECONTEE L,2,2005-05-27,CW,5.9,10,C,1
5236,COBBOSSEECONTEE L,1,2005-05-27,CW,6.9,10,C,1
5236,COBBOSSEECONTEE L,1,2005-06-28,CW,11.4,6,C,1
5236,COBBOSSEECONTEE L,2,2005-06-28,CW,4.5,5,C,1
5236,COBBOSSEECONTEE L,1,2005-07-22,CW,6.5,5,C,1
5236,COBBOSSEECONTEE L,2,2005-07-25,CW,6.5,7,C,1
5236,COBBOSSEECONTEE L,1,2005-08-22,CW,13.7,6,C,1
5236,COBBOSSEECONTEE L,2,2005-08-22,CW,13.9,6,C,1
5236,COBBOSSEECONTEE L,2,2005-09-28,CW,9.6,9,C,1
5236,COBBOSSEECONTEE L,1,2005-09-28,CW,8.8,9,C,1
5236,COBBOSSEECONTEE L,2,2005-10-24,CW,9,10,C,1
5236,COBBOSSEECONTEE L,2,2006-05-26,CW,4.9,10,C,1
5236,COBBOSSEECONTEE L,1,2006-05-26,CW,5.2,10,C,1
5236,COBBOSSEECONTEE L,2,2006-06-19,CW,3.7,6,C,1
5236,COBBOSSEECONTEE L,1,2006-06-19,CW,5,10,C,1
5236,COBBOSSEECONTEE L,1,2006-07-19,CW,4.7,9,C,1
5236,COBBOSSEECONTEE L,2,2006-07-19,CW,4.7,8,C,1
5236,COBBOSSEECONTEE L,1,2006-08-17,CW,8.4,8,C,1
5236,COBBOSSEECONTEE L,2,2006-08-17,CW,10,7,C,1
5236,COBBOSSEECONTEE L,2,2006-09-25,CW,8.6,10,C,1
5236,COBBOSSEECONTEE L,1,2006-09-26,CW,9.1,10,C,1
5236,COBBOSSEECONTEE L,1,2006-10-27,CW,14,10,C,1
5236,COBBOSSEECONTEE L,2,2006-10-27,CW,12,10,C,1
5236,COBBOSSEECONTEE L,2,2007-05-22,CW,3.8,10,C,1
5236,COBBOSSEECONTEE L,1,2007-05-23,CW,5,10,C,1
5236,COBBOSSEECONTEE L,1,2007-06-13,CW,4.8,8,C,1
5236,COBBOSSEECONTEE L,2,2007-06-13,CW,6.2,3,C,1
5236,COBBOSSEECONTEE L,2,2007-07-12,CW,5.2,7,C,1
5236,COBBOSSEECONTEE L,1,2007-07-12,CW,5.5,6,C,1
5236,COBBOSSEECONTEE L,2,2007-08-14,CW,11,7,C,1
5236,COBBOSSEECONTEE L,1,2007-08-14,CW,14,7,C,1
5236,COBBOSSEECONTEE L,2,2007-08-29,CW,9.2,8,C,1
5236,COBBOSSEECONTEE L,1,2007-08-29,CW,10,7,C,1
5236,COBBOSSEECONTEE L,2,2007-09-26,CW,12,9,C,1
5236,COBBOSSEECONTEE L,2,2007-10-26,CW,3.6,10,C,1
5236,COBBOSSEECONTEE L,1,2007-10-26,CW,6,10,C,1
5236,COBBOSSEECONTEE L,2,2008-05-27,CW,4.5,8,C,1
5236,COBBOSSEECONTEE L,1,2008-05-29,CW,5.5,8,C,1
5236,COBBOSSEECONTEE L,1,2008-06-19,CW,5.2,6,C,1
5236,COBBOSSEECONTEE L,2,2008-06-19,CW,3.9,7,C,1
5236,COBBOSSEECONTEE L,2,2008-07-18,CW,7.3,8,C,1
5236,COBBOSSEECONTEE L,1,2008-07-22,CW,7.3,9,C,1
5236,COBBOSSEECONTEE L,1,2008-08-15,CW,11,7,C,1
5236,COBBOSSEECONTEE L,2,2008-08-15,CW,12,7,C,1
5236,COBBOSSEECONTEE L,1,2008-09-17,CW,15,8,C,1
5236,COBBOSSEECONTEE L,2,2008-09-17,CW,15,8,C,1
5236,COBBOSSEECONTEE L,2,2008-10-10,CW,17,10,C,1
5236,COBBOSSEECONTEE L,1,2008-10-15,CW,14,10,C,1
5236,COBBOSSEECONTEE L,1,2009-05-26,CW,7,9,C,1
5236,COBBOSSEECONTEE L,2,2009-05-26,CW,7,6,C,1
5236,COBBOSSEECONTEE L,2,2009-06-25,CW,7.2,9,C,1
5236,COBBOSSEECONTEE L,1,2009-06-25,CW,7.2,10,C,1
5236,COBBOSSEECONTEE L,2,2009-07-20,CW,6.9,8,C,1
5236,COBBOSSEECONTEE L,1,2009-07-20,CW,6.8,8,C,1
5236,COBBOSSEECONTEE L,1,2009-08-17,CW,18,6,C,1
5236,COBBOSSEECONTEE L,2,2009-08-17,CW,12,7,C,1
5236,COBBOSSEECONTEE L,2,2009-09-21,CW,14,10,C,1
5236,COBBOSSEECONTEE L,1,2009-09-21,CW,12,10,C,1
5236,COBBOSSEECONTEE L,2,2009-10-30,CW,9.8,10,C,1
5236,COBBOSSEECONTEE L,1,2009-10-30,CW,11,10,C,1
5236,COBBOSSEECONTEE L,1,2010-05-21,CW,11,10,C,1
5236,COBBOSSEECONTEE L,2,2010-05-25,CW,7.6,10,C,1
5236,COBBOSSEECONTEE L,1,2010-06-14,CW,4.7,6,C,1
5236,COBBOSSEECONTEE L,2,2010-06-14,CW,4.1,7,C,1
5236,COBBOSSEECONTEE L,1,2010-07-15,CW,3.4,6,C,1
5236,COBBOSSEECONTEE L,2,2010-07-15,CW,3.9,6,C,1
5236,COBBOSSEECONTEE L,1,2010-08-05,CW,6.8,6.5,C,1
5236,COBBOSSEECONTEE L,1,2010-08-05,CW,6.6,6.5,C,2
5236,COBBOSSEECONTEE L,2,2010-08-05,CW,5.2,7,C,1
5236,COBBOSSEECONTEE L,2,2010-09-16,CW,20,10,C,1
5236,COBBOSSEECONTEE L,1,2010-09-16,CW,19,9,C,1
5236,COBBOSSEECONTEE L,2,2010-10-26,CW,13,10,C,1
5236,COBBOSSEECONTEE L,1,2010-10-26,CW,8.6,10,C,1
5236,COBBOSSEECONTEE L,2,2011-05-25,CW,6.8,10,C,1
5236,COBBOSSEECONTEE L,1,2011-05-25,CW,5.5,10,C,1
5236,COBBOSSEECONTEE L,1,2011-06-16,CW,6.6,7,C,1
5236,COBBOSSEECONTEE L,2,2011-06-16,CW,5.7,7,C,1
5236,COBBOSSEECONTEE L,1,2011-06-30,CW,3.8,6,C,1
5236,COBBOSSEECONTEE L,1,2011-07-11,CW,3.8,6,C,1
5236,COBBOSSEECONTEE L,2,2011-07-11,CW,2.5,6,C,1
5236,COBBOSSEECONTEE L,2,2011-08-09,CW,10,6,C,1
5236,COBBOSSEECONTEE L,1,2011-08-09,CW,9.7,6.5,C,1
5236,COBBOSSEECONTEE L,1,2011-09-21,CW,11,9.5,C,1
5236,COBBOSSEECONTEE L,2,2011-09-21,CW,10,10,C,1
5236,COBBOSSEECONTEE L,2,2011-09-21,CW,9.7,10,C,2
5236,COBBOSSEECONTEE L,1,2011-09-21,CW,10,9.5,C,2
5236,COBBOSSEECONTEE L,1,2012-06-01,CW,3.4,7,C,1
5236,COBBOSSEECONTEE L,2,2012-06-01,CW,4.5,5,C,1
5236,COBBOSSEECONTEE L,1,2012-06-19,CW,4.1,6,C,1
5236,COBBOSSEECONTEE L,2,2012-06-19,CW,3.1,9,C,1
5236,COBBOSSEECONTEE L,1,2012-07-11,CW,4.2,6,C,1
5236,COBBOSSEECONTEE L,1,2012-08-14,CW,6,6.5,C,1
5236,COBBOSSEECONTEE L,2,2012-08-14,CW,5,6.5,C,1
5236,COBBOSSEECONTEE L,1,2012-09-25,CW,9.7,9,C,1
5236,COBBOSSEECONTEE L,2,2012-09-25,CW,11,9,C,1
5236,COBBOSSEECONTEE L,1,2012-10-26,CW,12,9,C,1
5236,COBBOSSEECONTEE L,2,2012-10-26,CW,12,9,C,1
5236,COBBOSSEECONTEE L,1,2013-05-31,CW,1.9,9,C,1
5236,COBBOSSEECONTEE L,2,2013-05-31,CW,2.7,9,C,1
5236,COBBOSSEECONTEE L,1,2013-06-18,CW,5.5,7,C,1
5236,COBBOSSEECONTEE L,2,2013-06-18,CW,4.7,9,C,1
5236,COBBOSSEECONTEE L,2,2013-07-25,CW,9.9,5,C,1
5236,COBBOSSEECONTEE L,1,2013-07-25,CW,16,6.5,C,1
5236,COBBOSSEECONTEE L,2,2013-08-29,CW,12,3,C,1
5236,COBBOSSEECONTEE L,1,2013-08-29,CW,9.1,7,C,1
5236,COBBOSSEECONTEE L,2,2013-10-01,CW,8.5,8,C,1
5236,COBBOSSEECONTEE L,1,2013-10-01,CW,11,9,C,1
5236,COBBOSSEECONTEE L,2,2014-05-29,CW,7.2,7,C,1
5236,COBBOSSEECONTEE L,2,2014-05-29,CW,6.9,7,C,2
5236,COBBOSSEECONTEE L,1,2014-05-29,CW,25,8,C,1
5236,COBBOSSEECONTEE L,2,2014-06-11,CW,14,8,C,1
5236,COBBOSSEECONTEE L,1,2014-06-11,CW,5,7,C,1
5236,COBBOSSEECONTEE L,2,2014-07-02,CW,4.9,8,C,1
5236,COBBOSSEECONTEE L,1,2014-07-02,CW,9.3,8,C,1
5236,COBBOSSEECONTEE L,1,2014-08-01,CW,6.1,6.5,C,2
5236,COBBOSSEECONTEE L,1,2014-08-01,CW,5.1,6.5,C,1
5236,COBBOSSEECONTEE L,2,2014-08-01,CW,5.4,7,C,1
5236,COBBOSSEECONTEE L,2,2014-09-12,CW,11,6.5,C,1
5236,COBBOSSEECONTEE L,1,2014-09-12,CW,10,7,C,1
5236,COBBOSSEECONTEE L,1,2014-10-15,CW,12,9,C,1
5236,COBBOSSEECONTEE L,2,2014-10-15,CW,12,9,C,1
5236,COBBOSSEECONTEE L,1,2015-05-26,CW,7.2,7,C,1
5236,COBBOSSEECONTEE L,2,2015-05-26,CW,15,8,C,1
5236,COBBOSSEECONTEE L,2,2015-06-25,CW,5.9,8,C,1
5236,COBBOSSEECONTEE L,1,2015-06-25,CW,7,8,C,1
5236,COBBOSSEECONTEE L,2,2015-07-21,CW,5.9,7,C,1
5236,COBBOSSEECONTEE L,1,2015-07-24,CW,7,7,C,1
5236,COBBOSSEECONTEE L,1,2015-08-25,CW,9.1,6,C,1
5236,COBBOSSEECONTEE L,2,2015-08-25,CW,8.6,7,C,1
5236,COBBOSSEECONTEE L,2,2015-09-24,CW,12,6,C,1
5236,COBBOSSEECONTEE L,1,2015-09-24,CW,12,8,C,1
5236,COBBOSSEECONTEE L,1,2015-10-20,CW,7,10,C,1
5236,COBBOSSEECONTEE L,2,2015-10-20,CW,10,10,C,1
5236,COBBOSSEECONTEE L,2,2016-05-12,CW,2.2,9,C,1
5236,COBBOSSEECONTEE L,1,2016-05-12,CW,2.6,9,C,1
5236,COBBOSSEECONTEE L,1,2016-06-08,CW,2.1,6,C,1
5236,COBBOSSEECONTEE L,2,2016-06-08,CW,3.2,6,C,1
5236,COBBOSSEECONTEE L,1,2016-06-22,CW,2.8,9,C,1
5236,COBBOSSEECONTEE L,2,2016-06-23,CW,3,9,C,1
5236,COBBOSSEECONTEE L,2,2016-07-13,CW,2.5,8,C,1
5236,COBBOSSEECONTEE L,1,2016-07-13,CW,2.6,7,C,1
5236,COBBOSSEECONTEE L,1,2016-08-09,CW,3.1,7,C,1
5236,COBBOSSEECONTEE L,2,2016-08-11,CW,2.5,7,C,2
5236,COBBOSSEECONTEE L,2,2016-08-11,CW,2.8,7,C,1
5236,COBBOSSEECONTEE L,1,2016-09-07,CW,4.7,7.5,C,1
5236,COBBOSSEECONTEE L,2,2016-09-07,CW,3.8,8,C,1
5236,COBBOSSEECONTEE L,1,2016-10-05,CW,6.5,9,C,1
5236,COBBOSSEECONTEE L,2,2016-10-05,CW,4.2,9,C,1
5236,COBBOSSEECONTEE L,2,2017-05-18,CW,7.4,9,C,1
5236,COBBOSSEECONTEE L,1,2017-05-18,CW,14,9,C,1
5236,COBBOSSEECONTEE L,1,2017-06-13,CW,4.3,9,C,1
5236,COBBOSSEECONTEE L,2,2017-06-13,CW,3.6,9,C,1
5236,COBBOSSEECONTEE L,1,2017-07-14,CW,3.8,7,C,1
5236,COBBOSSEECONTEE L,1,2017-08-09,CW,6.1,7,C,1
5236,COBBOSSEECONTEE L,2,2017-08-10,CW,4.6,8,C,1
5236,COBBOSSEECONTEE L,1,2017-09-25,CW,12,9,C,1
5236,COBBOSSEECONTEE L,2,2017-09-25,CW,8.8,9,C,1
5236,COBBOSSEECONTEE L,1,2017-10-16,CW,14,9,C,1
5236,COBBOSSEECONTEE L,2,2017-10-16,CW,12,9,C,1
5236,COBBOSSEECONTEE L,1,2018-05-29,CW,8,9,C,1
5236,COBBOSSEECONTEE L,2,2018-05-29,CW,4,9,C,1
5236,COBBOSSEECONTEE L,1,2018-06-12,CW,5,8,C,1
5236,COBBOSSEECONTEE L,2,2018-06-12,CW,3,8,C,1
5236,COBBOSSEECONTEE L,1,2018-07-09,CW,4,7,C,1
5236,COBBOSSEECONTEE L,2,2018-07-09,CW,3,8,C,1
5236,COBBOSSEECONTEE L,2,2018-08-08,CW,11,7,C,1
5236,COBBOSSEECONTEE L,1,2018-08-08,CW,10,7,C,1
5236,COBBOSSEECONTEE L,2,2018-09-05,CW,7,7,C,1
5236,COBBOSSEECONTEE L,1,2018-09-05,CW,7,7,C,1
5236,COBBOSSEECONTEE L,2,2018-09-21,CW,6,9,C,1
5236,COBBOSSEECONTEE L,1,2018-09-21,CW,9,7.5,C,1
5236,COBBOSSEECONTEE L,2,2018-10-19,CW,6,9,C,1
5236,COBBOSSEECONTEE L,1,2018-10-19,CW,7,9,C,1
5236,COBBOSSEECONTEE L,2,2019-06-14,CW,4,8,C,1
5236,COBBOSSEECONTEE L,1,2019-06-14,CW,5,7,C,1
5236,COBBOSSEECONTEE L,1,2019-07-09,CW,9,6,C,1
5236,COBBOSSEECONTEE L,2,2019-07-09,CW,4,7,C,1
5236,COBBOSSEECONTEE L,1,2019-08-05,CW,3,6,C,1
5236,COBBOSSEECONTEE L,2,2019-08-05,CW,4,7,C,1
5236,COBBOSSEECONTEE L,2,2019-09-06,CW,7,6.5,C,1
5236,COBBOSSEECONTEE L,1,2019-09-06,CW,7,7,C,1
5236,COBBOSSEECONTEE L,2,2019-09-30,CW,8,8,C,1
5236,COBBOSSEECONTEE L,1,2019-09-30,CW,5,9,C,1
5236,COBBOSSEECONTEE L,2,2019-10-21,CW,9,9,C,1
5236,COBBOSSEECONTEE L,1,2019-10-21,CW,9,9,C,1
5236,COBBOSSEECONTEE L,2,2020-06-15,CW,3,8,C,1
5236,COBBOSSEECONTEE L,1,2020-06-15,CW,4,8,C,1
5236,COBBOSSEECONTEE L,1,2020-07-09,CW,3,7,C,1
5236,COBBOSSEECONTEE L,2,2020-07-10,CW,3,7,C,1
5236,COBBOSSEECONTEE L,1,2020-08-13,CW,7,7.5,C,1
5236,COBBOSSEECONTEE L,2,2020-08-14,CW,9,7,C,1
5236,COBBOSSEECONTEE L,2,2020-09-01,CW,9,8,C,1
5236,COBBOSSEECONTEE L,1,2020-09-10,CW,8,7,C,1
5236,COBBOSSEECONTEE L,1,2020-10-07,CW,11,9,C,1
5236,COBBOSSEECONTEE L,2,2020-10-07,CW,14,9,C,1
5238,SAND P (TACOMA LKS),1,1998-05-14,CW,2.25,10,C,1
5238,SAND P (TACOMA LKS),1,1998-06-19,CW,2.13,7,C,1
5238,SAND P (TACOMA LKS),1,1998-07-16,CW,5.91,4,C,1
5238,SAND P (TACOMA LKS),1,1998-08-13,CW,2.78,5,C,1
5238,SAND P (TACOMA LKS),1,1998-09-16,CW,3.54,7,C,1
5238,SAND P (TACOMA LKS),1,1998-10-19,CW,2.42,10,C,1
5238,SAND P (TACOMA LKS),1,2001-05-08,CW,1.9,4,C,1
5238,SAND P (TACOMA LKS),1,2001-06-05,CW,1.8,5,C,1
5238,SAND P (TACOMA LKS),1,2001-07-03,CW,2.1,5,C,1
5238,SAND P (TACOMA LKS),1,2001-08-15,CW,2,6,C,1
5238,SAND P (TACOMA LKS),1,2001-09-20,CW,4.8,7,C,1
5238,SAND P (TACOMA LKS),1,2001-10-10,CW,2.7,9,C,1
5238,SAND P (TACOMA LKS),1,2004-05-17,CW,2.4,5,C,1
5238,SAND P (TACOMA LKS),1,2004-06-14,CW,4.5,7,C,1
5238,SAND P (TACOMA LKS),1,2004-07-06,CW,3,5,C,1
5238,SAND P (TACOMA LKS),1,2004-08-09,CW,2.4,6,C,1
5238,SAND P (TACOMA LKS),1,2004-09-10,CW,2.4,7,C,1
5238,SAND P (TACOMA LKS),1,2004-10-08,CW,2.7,9,C,1
5238,SAND P (TACOMA LKS),1,2007-05-21,CW,3.2,6,C,1
5238,SAND P (TACOMA LKS),1,2007-06-12,CW,2.7,5,C,1
5238,SAND P (TACOMA LKS),1,2007-07-06,CW,4.3,7,C,1
5238,SAND P (TACOMA LKS),1,2007-08-07,CW,2.1,6,C,1
5238,SAND P (TACOMA LKS),1,2007-09-17,CW,2.8,8,C,1
5238,SAND P (TACOMA LKS),1,2007-11-05,CW,3.5,10,C,1
5238,SAND P (TACOMA LKS),1,2010-05-26,cw,2.6,5,C,1
5238,SAND P (TACOMA LKS),1,2010-06-18,cw,2.1,5,C,2
5238,SAND P (TACOMA LKS),1,2010-06-18,cw,2.1,5,C,1
5238,SAND P (TACOMA LKS),1,2010-07-28,cw,2,6,C,1
5238,SAND P (TACOMA LKS),1,2010-08-18,cw,1.8,6,C,1
5238,SAND P (TACOMA LKS),1,2010-09-21,cw,1.8,8,C,1
5238,SAND P (TACOMA LKS),1,2010-10-28,cw,2.3,10,C,1
5238,SAND P (TACOMA LKS),1,2013-05-28,cw,1.8,9,C,1
5238,SAND P (TACOMA LKS),1,2013-06-20,cw,3,7,C,1
5238,SAND P (TACOMA LKS),1,2013-07-12,cw,4.2,7,C,1
5238,SAND P (TACOMA LKS),1,2013-08-15,cw,3.4,7,C,1
5238,SAND P (TACOMA LKS),1,2013-09-19,cw,2.8,7,C,1
5238,SAND P (TACOMA LKS),1,2016-05-26,CW,2.3,6,C,1
5238,SAND P (TACOMA LKS),1,2016-06-23,CW,3,7,C,1
5238,SAND P (TACOMA LKS),1,2016-07-28,CW,2.5,9,C,1
5238,SAND P (TACOMA LKS),1,2016-08-26,CW,4.7,8,C,1
5238,SAND P (TACOMA LKS),1,2016-09-26,CW,1.7,8,C,1
5238,SAND P (TACOMA LKS),1,2016-10-11,CW,1.6,9,C,1
5238,SAND P (TACOMA LKS),1,2019-05-23,CW,2,9,C,1
5238,SAND P (TACOMA LKS),1,2019-06-24,CW,3,6,C,1
5238,SAND P (TACOMA LKS),1,2019-07-11,CW,3,7,C,1
5238,SAND P (TACOMA LKS),1,2019-08-12,CW,4,7,C,1
5238,SAND P (TACOMA LKS),1,2019-09-12,CW,6,8,C,1
5238,SAND P (TACOMA LKS),1,2019-10-18,CW,3,9,C,1
5240,WOODBURY P,1,1998-05-14,CW,2.56,10,C,1
5240,WOODBURY P,1,1998-06-19,CW,2.62,7,C,1
5240,WOODBURY P,1,1998-07-16,CW,4.57,5,C,1
5240,WOODBURY P,1,1998-08-13,CW,3.32,6,C,1
5240,WOODBURY P,1,1998-09-16,CW,3.41,7,C,1
5240,WOODBURY P,1,1998-10-19,CW,3.29,10,C,1
5240,WOODBURY P,1,2001-05-08,CW,2.3,4,C,1
5240,WOODBURY P,1,2001-06-05,CW,3.5,6,C,1
5240,WOODBURY P,1,2001-07-05,CW,2.9,6,C,1
5240,WOODBURY P,1,2001-08-15,CW,2.4,7,C,1
5240,WOODBURY P,1,2001-09-20,CW,4.1,8,C,1
5240,WOODBURY P,1,2001-10-10,CW,2.4,10,C,1
5240,WOODBURY P,1,2004-05-19,CW,5.3,5,C,1
5240,WOODBURY P,1,2004-06-14,CW,2.8,5,C,1
5240,WOODBURY P,1,2004-07-06,CW,4.4,5,C,1
5240,WOODBURY P,1,2004-08-09,CW,2.4,6,C,1
5240,WOODBURY P,1,2004-09-10,CW,26.7,7,C,1
5240,WOODBURY P,1,2004-10-08,CW,2.9,9,C,1
5240,WOODBURY P,1,2007-05-22,CW,2.7,6,C,1
5240,WOODBURY P,1,2007-06-13,CW,4.1,5,C,1
5240,WOODBURY P,1,2007-07-06,CW,9.3,6,C,1
5240,WOODBURY P,1,2007-08-07,CW,5.5,7,C,1
5240,WOODBURY P,1,2007-09-17,CW,3.2,7,C,1
5240,WOODBURY P,1,2007-11-05,CW,4.3,10,C,1
5240,WOODBURY P,1,2010-05-26,CW,3,5,C,1
5240,WOODBURY P,1,2010-06-18,CW,3.8,6,C,1
5240,WOODBURY P,1,2010-07-28,CW,1.8,6,C,2
5240,WOODBURY P,1,2010-07-28,CW,1.8,6,C,1
5240,WOODBURY P,1,2010-08-18,CW,3.1,6,C,1
5240,WOODBURY P,1,2010-09-21,CW,2.7,8,C,1
5240,WOODBURY P,1,2010-10-28,CW,2.9,10,C,1
5240,WOODBURY P,1,2013-05-28,CW,2.9,8,C,1
5240,WOODBURY P,1,2013-06-20,CW,2,6,C,1
5240,WOODBURY P,1,2013-07-12,CW,9,6,C,1
5240,WOODBURY P,1,2013-08-15,CW,2.1,6,C,1
5240,WOODBURY P,1,2013-09-19,CW,3.1,7,C,1
5240,WOODBURY P,1,2016-05-26,CW,1.9,6,C,1
5240,WOODBURY P,1,2016-06-23,CW,4.2,6,C,1
5240,WOODBURY P,1,2016-07-28,CW,2.1,6,C,1
5240,WOODBURY P,1,2016-08-26,CW,5.6,7,C,1
5240,WOODBURY P,1,2016-09-26,CW,2.3,8,C,1
5240,WOODBURY P,1,2016-10-11,CW,2.8,9,C,1
5240,WOODBURY P,1,2019-05-23,CW,3,9,C,1
5240,WOODBURY P,1,2019-06-24,CW,4,7,C,1
5240,WOODBURY P,1,2019-07-11,CW,7,7,C,1
5240,WOODBURY P,1,2019-08-16,CW,5,7,C,1
5240,WOODBURY P,1,2019-10-18,CW,3,9,C,1
5242,BUKER P,1,1998-05-14,CW,3.42,4,C,1
5242,BUKER P,1,1998-06-19,CW,1.59,5,C,1
5242,BUKER P,1,1998-07-16,CW,8.79,3,C,1
5242,BUKER P,1,1998-08-13,CW,5.5,4,C,1
5242,BUKER P,1,1998-09-16,CW,4.19,4,C,1
5242,BUKER P,1,1998-10-19,CW,2.07,6,C,1
5242,BUKER P,1,2001-05-08,CW,2.3,3,C,1
5242,BUKER P,1,2001-06-05,CW,7.6,5,C,1
5242,BUKER P,1,2001-07-03,CW,3.6,4,C,1
5242,BUKER P,1,2001-08-09,CW,3.9,5,C,1
5242,BUKER P,1,2001-09-20,CW,3.2,5,C,1
5242,BUKER P,1,2001-10-10,CW,2.6,6,C,1
5242,BUKER P,1,2004-05-17,CW,8.8,5,C,1
5242,BUKER P,1,2004-06-14,CW,4.9,5,C,1
5242,BUKER P,1,2004-07-02,CW,6.7,4,C,1
5242,BUKER P,1,2004-08-06,CW,8.2,5,C,1
5242,BUKER P,1,2004-09-07,CW,5.4,5,C,1
5242,BUKER P,1,2004-10-07,CW,2.5,6,C,1
5242,BUKER P,1,2007-05-21,CW,2.9,3,C,1
5242,BUKER P,1,2007-06-07,CW,3.4,4,C,1
5242,BUKER P,1,2007-07-05,CW,5.2,4,C,1
5242,BUKER P,1,2007-08-07,CW,3.4,4,C,1
5242,BUKER P,1,2007-09-14,CW,2.5,5,C,1
5242,BUKER P,1,2007-11-05,CW,6,7,C,1
5242,BUKER P,1,2010-05-26,cw,4.4,4,C,1
5242,BUKER P,1,2010-06-18,cw,3.2,4,C,1
5242,BUKER P,1,2010-07-28,cw,2.4,4,C,1
5242,BUKER P,1,2010-08-18,cw,2.5,4.5,C,1
5242,BUKER P,1,2010-09-21,cw,2.4,5.5,C,1
5242,BUKER P,1,2010-10-28,cw,2.4,8,C,1
5242,BUKER P,1,2013-05-28,CW,1.7,5.5,C,1
5242,BUKER P,1,2013-06-20,CW,4.4,4,C,1
5242,BUKER P,1,2013-07-12,CW,13,4,C,1
5242,BUKER P,1,2013-08-15,CW,5.3,4,C,1
5242,BUKER P,1,2013-09-19,CW,8.1,4,C,1
5242,BUKER P,1,2016-05-26,CW,3.2,5,C,1
5242,BUKER P,1,2016-06-23,CW,4.5,5,C,1
5242,BUKER P,1,2016-07-28,CW,3.4,5,C,1
5242,BUKER P,1,2016-08-26,CW,3,5,C,1
5242,BUKER P,1,2016-09-26,CW,2.8,6,C,1
5242,BUKER P,1,2016-10-11,CW,3.8,7,C,1
5242,BUKER P,1,2019-05-23,CW,3,4,C,1
5242,BUKER P,1,2019-06-24,CW,8,4,C,1
5242,BUKER P,1,2019-07-11,CW,9,4,C,1
5242,BUKER P,1,2019-08-16,CW,6,4.5,C,1
5242,BUKER P,1,2019-09-12,CW,6,5,C,1
5242,BUKER P,1,2019-10-10,CW,3,5.5,C,1
5244,JIMMY P,1,1998-05-14,CW,2.36,4,C,1
5244,JIMMY P,1,1998-06-29,CW,4.71,3,C,1
5244,JIMMY P,1,1998-07-16,CW,3.45,3,C,1
5244,JIMMY P,1,1998-08-13,CW,6.33,4,C,1
5244,JIMMY P,1,1998-09-16,CW,9.56,4,C,1
5244,JIMMY P,1,1998-10-19,CW,2.24,4,C,1
5244,JIMMY P,1,2001-05-08,CW,1.2,4,C,1
5244,JIMMY P,1,2001-06-05,CW,2.5,2,C,1
5244,JIMMY P,1,2001-07-03,CW,8.9,4,C,1
5244,JIMMY P,1,2001-08-09,CW,7.8,5,C,1
5244,JIMMY P,1,2001-09-20,CW,4.7,4,C,1
5244,JIMMY P,1,2001-10-10,CW,4.3,5,C,1
5244,JIMMY P,1,2003-08-15,CW,7.1,5,C,1
5244,JIMMY P,1,2004-05-17,CW,7.9,5,C,1
5244,JIMMY P,1,2004-06-11,CW,6.7,4,C,1
5244,JIMMY P,1,2004-07-02,CW,9.2,4,C,1
5244,JIMMY P,1,2004-08-06,CW,9.8,5,C,1
5244,JIMMY P,1,2004-09-07,CW,12.3,4,C,1
5244,JIMMY P,1,2004-10-07,CW,5.4,5,C,1
5244,JIMMY P,1,2007-05-17,CW,3.8,3,C,1
5244,JIMMY P,1,2007-06-07,CW,1.6,3,C,1
5244,JIMMY P,1,2007-07-05,CW,11,4,C,1
5244,JIMMY P,1,2007-08-06,CW,7.8,4,C,1
5244,JIMMY P,1,2007-09-14,CW,8.2,4,C,1
5244,JIMMY P,1,2010-05-26,CW,4.2,4,C,1
5244,JIMMY P,1,2010-06-18,CW,4.6,3,C,1
5244,JIMMY P,1,2010-07-28,CW,11,3,C,1
5244,JIMMY P,1,2010-08-18,CW,3.8,2.5,C,1
5244,JIMMY P,1,2010-09-21,CW,3.8,4,C,1
5244,JIMMY P,1,2010-10-28,CW,1.4,9,C,1
5244,JIMMY P,1,2013-05-28,CW,1.3,7,C,1
5244,JIMMY P,1,2013-06-27,CW,13,4,C,1
5244,JIMMY P,1,2013-07-24,CW,15,3,C,1
5244,JIMMY P,1,2013-08-15,CW,18,3,C,1
5244,JIMMY P,1,2013-09-19,CW,4.8,6,C,1
5244,JIMMY P,1,2016-05-26,CW,1.8,4,C,1
5244,JIMMY P,1,2016-06-23,CW,7.4,4,C,1
5244,JIMMY P,1,2016-07-28,CW,3.5,4,C,1
5244,JIMMY P,1,2016-08-26,CW,3,3,C,1
5244,JIMMY P,1,2016-09-26,CW,4.5,5,C,1
5244,JIMMY P,1,2016-10-11,CW,5.9,6,C,1
5244,JIMMY P,1,2019-05-23,CW,2,5,C,1
5244,JIMMY P,1,2019-06-24,CW,4,4,C,1
5244,JIMMY P,1,2019-07-11,CW,16,3,C,1
5244,JIMMY P,1,2019-08-12,CW,17,3,C,1
5244,JIMMY P,1,2019-09-12,CW,9,3,C,1
5244,JIMMY P,1,2019-10-10,CW,3,5,C,1
5246,LOON P,1,1998-08-26,CW,4.92,2,C,1
5246,LOON P,1,1999-08-05,CW,3.92,3,C,1
5246,LOON P,1,2001-08-29,CW,2.7,2,C,1
5246,LOON P,1,2009-08-21,CW,5.4,2,C,1
5246,LOON P,1,2010-08-27,cw,5.9,3,C,1
5246,LOON P,1,2011-08-22,cw,2.7,3,C,1
5246,LOON P,1,2012-08-28,cw,2.4,2.5,C,1
5246,LOON P,1,2013-08-19,cw,3.5,2.5,C,1
5246,LOON P,1,2014-08-21,CW,6.2,2,C,1
5246,LOON P,1,2015-08-07,CW,4.3,3,C,1
5246,LOON P,1,2016-08-22,CW,2.4,3,C,1
5246,LOON P,1,2017-08-18,CW,3.3,2.5,C,1
5246,LOON P,1,2018-08-28,CW,2,3,C,1
5246,LOON P,1,2019-08-22,CW,5,2,C,1
5246,LOON P,1,2020-09-09,CW,10,3,C,1
5250,PURGATORY P (LITTLE),1,1998-05-28,CW,2.76,4,C,1
5250,PURGATORY P (LITTLE),1,1998-08-27,CW,5.21,4,C,1
5250,PURGATORY P (LITTLE),1,1999-08-26,CW,5.83,4,C,1
5250,PURGATORY P (LITTLE),1,2000-08-08,CW,5.8,4,C,1
5250,PURGATORY P (LITTLE),1,2003-08-21,CW,5.7,4,C,1
5250,PURGATORY P (LITTLE),1,2004-08-05,CW,2.8,4,C,1
5250,PURGATORY P (LITTLE),1,2005-09-06,CW,7,4,C,1
5250,PURGATORY P (LITTLE),1,2006-08-22,CW,9.4,4,C,1
5250,PURGATORY P (LITTLE),1,2007-08-28,CW,3.1,4,C,1
5250,PURGATORY P (LITTLE),1,2010-05-20,cw,4.2,5,C,1
5250,PURGATORY P (LITTLE),1,2010-06-07,cw,13,4,C,1
5250,PURGATORY P (LITTLE),1,2010-07-14,cw,3.7,3,C,1
5250,PURGATORY P (LITTLE),1,2010-08-09,cw,3.7,3.5,C,1
5250,PURGATORY P (LITTLE),1,2010-09-10,cw,4.2,4,C,1
5250,PURGATORY P (LITTLE),1,2010-10-19,cw,2.9,5,C,1
5250,PURGATORY P (LITTLE),1,2013-05-31,cw,11,4.5,C,1
5250,PURGATORY P (LITTLE),1,2013-06-19,cw,7.9,4,C,1
5250,PURGATORY P (LITTLE),1,2013-07-10,cw,13,3,C,1
5250,PURGATORY P (LITTLE),1,2013-08-12,cw,6.6,4,C,1
5250,PURGATORY P (LITTLE),1,2013-09-25,cw,12,5,C,1
5250,PURGATORY P (LITTLE),1,2016-05-31,CW,4,3,C,1
5250,PURGATORY P (LITTLE),1,2016-06-21,CW,2.7,4,C,1
5250,PURGATORY P (LITTLE),1,2016-07-25,CW,1.8,3,C,1
5250,PURGATORY P (LITTLE),1,2016-08-22,CW,3.3,4,C,1
5250,PURGATORY P (LITTLE),1,2016-09-30,CW,8.6,5,C,1
5250,PURGATORY P (LITTLE),1,2019-06-26,CW,9,3,C,1
5250,PURGATORY P (LITTLE),1,2019-07-29,CW,9,3.5,C,1
5250,PURGATORY P (LITTLE),1,2019-08-26,CW,3,4,C,1
5250,PURGATORY P (LITTLE),1,2019-09-27,CW,7,4,C,1
5250,PURGATORY P (LITTLE),1,2019-10-24,CW,12,4,C,1
5252,HORSESHOE P,1,2003-08-05,CW,7.1,4,C,1
5252,HORSESHOE P,1,2005-08-24,CW,16.1,4,C,1
5252,HORSESHOE P,1,2008-09-03,CW,6.9,4.5,C,1
5252,HORSESHOE P,1,2009-08-18,CW,17,4,C,1
5252,HORSESHOE P,1,2010-08-02,CW,3.9,3,C,1
5252,HORSESHOE P,1,2011-08-17,CW,7.2,4,C,1
5252,HORSESHOE P,1,2012-08-02,CW,6.6,4,C,1
5252,HORSESHOE P,1,2013-08-26,CW,5.7,4,C,1
5252,HORSESHOE P,1,2014-08-21,CW,7.6,5,C,1
5252,HORSESHOE P,1,2015-08-05,CW,9,4,C,1
5252,HORSESHOE P,1,2016-08-09,CW,5.4,3,C,1
5252,HORSESHOE P,1,2017-08-23,CW,8.4,4,C,1
5252,HORSESHOE P,1,2018-08-21,CW,12,4,C,1
5252,HORSESHOE P,1,2019-08-09,CW,9,3,C,1
5252,HORSESHOE P,1,2020-09-01,CW,7,5,C,1
5254,PLEASANT (MUD) P,1,1998-05-19,CW,5.45,5,C,1
5254,PLEASANT (MUD) P,1,1998-06-24,CW,4.41,6,C,1
5254,PLEASANT (MUD) P,1,1998-07-14,CW,32.13,3,C,1
5254,PLEASANT (MUD) P,1,1998-08-13,CW,21.43,5,C,1
5254,PLEASANT (MUD) P,1,1998-09-18,CW,12.98,7,C,1
5254,PLEASANT (MUD) P,1,1998-10-29,CW,11.46,8,C,1
5254,PLEASANT (MUD) P,1,1999-05-18,CW,3.11,4,C,1
5254,PLEASANT (MUD) P,1,1999-06-07,CW,4.56,7,C,1
5254,PLEASANT (MUD) P,1,1999-07-12,CW,9.3,5,C,1
5254,PLEASANT (MUD) P,1,1999-08-16,CW,27,7,C,1
5254,PLEASANT (MUD) P,1,1999-09-13,CW,14.1,5,C,1
5254,PLEASANT (MUD) P,1,1999-10-19,CW,4.97,1,c,1
5254,PLEASANT (MUD) P,1,2000-05-17,CW,2.6,7,C,1
5254,PLEASANT (MUD) P,1,2000-06-15,CW,3.7,7,C,1
5254,PLEASANT (MUD) P,1,2000-07-13,CW,5,5,C,1
5254,PLEASANT (MUD) P,1,2000-08-16,CW,24.6,4,C,1
5254,PLEASANT (MUD) P,1,2000-09-19,CW,12,7,C,1
5254,PLEASANT (MUD) P,1,2000-10-19,CW,7.8,9,C,1
5254,PLEASANT (MUD) P,1,2001-05-04,CW,5.3,9,C,1
5254,PLEASANT (MUD) P,1,2001-05-16,CW,8,7,C,1
5254,PLEASANT (MUD) P,1,2001-05-31,CW,4.3,5,C,1
5254,PLEASANT (MUD) P,1,2001-06-12,CW,7.6,5,C,1
5254,PLEASANT (MUD) P,1,2001-06-25,CW,4.3,5,C,1
5254,PLEASANT (MUD) P,1,2001-07-10,CW,10.9,5,C,1
5254,PLEASANT (MUD) P,1,2001-07-25,CW,6.2,4,C,1
5254,PLEASANT (MUD) P,1,2001-08-10,CW,16.2,4,C,1
5254,PLEASANT (MUD) P,1,2001-08-21,CW,31.2,4,C,1
5254,PLEASANT (MUD) P,1,2001-09-05,CW,22.8,6,C,1
5254,PLEASANT (MUD) P,1,2001-09-19,CW,10.2,6,C,1
5254,PLEASANT (MUD) P,1,2001-10-01,CW,16.5,7,C,1
5254,PLEASANT (MUD) P,1,2001-10-16,CW,9.2,8,C,1
5254,PLEASANT (MUD) P,1,2002-05-29,CW,5.1,9,C,1
5254,PLEASANT (MUD) P,1,2002-06-26,CW,7.6,6,C,1
5254,PLEASANT (MUD) P,1,2002-07-26,CW,9,6,C,1
5254,PLEASANT (MUD) P,3,2002-07-26,CW,7.5,1.5,C,1
5254,PLEASANT (MUD) P,1,2002-08-29,CW,8.5,6,C,1
5254,PLEASANT (MUD) P,3,2002-08-29,CW,2.9,1.5,C,1
5254,PLEASANT (MUD) P,1,2002-09-30,CW,14.5,7,C,1
5254,PLEASANT (MUD) P,3,2002-09-30,CW,3.6,3,C,1
5254,PLEASANT (MUD) P,1,2002-10-29,CW,7.9,8,C,1
5254,PLEASANT (MUD) P,3,2002-10-29,CW,8.4,1.5,C,1
5254,PLEASANT (MUD) P,1,2003-05-26,CW,5.7,7,C,1
5254,PLEASANT (MUD) P,1,2003-06-19,CW,10.8,7,C,1
5254,PLEASANT (MUD) P,1,2003-07-16,CW,13,4,C,1
5254,PLEASANT (MUD) P,1,2003-08-25,CW,15.2,5,C,1
5254,PLEASANT (MUD) P,1,2003-09-24,CW,10.6,6,C,1
5254,PLEASANT (MUD) P,1,2003-11-10,CW,1.5,7,C,1
5254,PLEASANT (MUD) P,1,2004-05-27,CW,3.2,8,C,1
5254,PLEASANT (MUD) P,1,2004-06-24,CW,8.3,6,C,1
5254,PLEASANT (MUD) P,1,2004-07-16,CW,6.1,5,C,1
5254,PLEASANT (MUD) P,1,2004-08-12,CW,1.4,5,C,1
5254,PLEASANT (MUD) P,1,2004-09-14,CW,23.4,6,C,1
5254,PLEASANT (MUD) P,1,2004-10-28,CW,8.3,8,C,1
5254,PLEASANT (MUD) P,1,2005-06-01,CW,2.2,9,C,1
5254,PLEASANT (MUD) P,1,2005-07-07,CW,8.8,6,C,1
5254,PLEASANT (MUD) P,1,2005-07-25,CW,17.3,4,C,1
5254,PLEASANT (MUD) P,1,2005-08-25,CW,21.9,4,C,1
5254,PLEASANT (MUD) P,1,2005-09-22,CW,15,6,C,1
5254,PLEASANT (MUD) P,1,2005-10-21,CW,3.7,9,C,1
5254,PLEASANT (MUD) P,3,2006-05-25,CW,4.4,1.5,C,1
5254,PLEASANT (MUD) P,1,2006-05-25,CW,4,7,C,1
5254,PLEASANT (MUD) P,1,2006-06-20,CW,4.4,5,C,1
5254,PLEASANT (MUD) P,3,2006-06-20,CW,3.6,1.5,C,1
5254,PLEASANT (MUD) P,3,2006-07-21,CW,6.3,1.5,C,1
5254,PLEASANT (MUD) P,1,2006-07-21,CW,18,4,C,1
5254,PLEASANT (MUD) P,1,2006-08-25,CW,20,6,C,1
5254,PLEASANT (MUD) P,3,2006-08-25,CW,17,1.5,C,1
5254,PLEASANT (MUD) P,1,2006-09-27,CW,12,7,C,1
5254,PLEASANT (MUD) P,3,2006-09-27,CW,3.8,1.5,C,1
5254,PLEASANT (MUD) P,3,2006-10-26,CW,6.8,3,C,1
5254,PLEASANT (MUD) P,1,2006-10-26,CW,11,7,C,1
5254,PLEASANT (MUD) P,3,2007-05-29,CW,7.2,3,C,1
5254,PLEASANT (MUD) P,1,2007-05-29,CW,3.7,4,C,1
5254,PLEASANT (MUD) P,3,2007-06-21,CW,4.8,3,C,1
5254,PLEASANT (MUD) P,1,2007-06-21,CW,9.1,5,C,1
5254,PLEASANT (MUD) P,3,2007-07-16,CW,3.9,2.9,C,1
5254,PLEASANT (MUD) P,1,2007-07-16,CW,5.4,5,C,2
5254,PLEASANT (MUD) P,1,2007-07-16,CW,5.6,5,C,1
5254,PLEASANT (MUD) P,3,2007-08-10,CW,3.9,2.8,C,1
5254,PLEASANT (MUD) P,1,2007-08-10,CW,5.8,5,C,1
5254,PLEASANT (MUD) P,3,2007-09-12,CW,2.4,2.9,C,1
5254,PLEASANT (MUD) P,1,2007-09-12,CW,17,6,C,1
5254,PLEASANT (MUD) P,3,2007-10-01,CW,2.9,2.9,C,1
5254,PLEASANT (MUD) P,1,2007-10-01,CW,19,6,C,1
5254,PLEASANT (MUD) P,3,2007-11-02,CW,9.7,3,C,1
5254,PLEASANT (MUD) P,1,2007-11-02,CW,9.3,7,C,1
5254,PLEASANT (MUD) P,1,2008-05-09,CW,8.9,5,C,1
5254,PLEASANT (MUD) P,3,2008-05-09,CW,7.8,3,C,1
5254,PLEASANT (MUD) P,3,2008-06-12,CW,9.4,3,C,1
5254,PLEASANT (MUD) P,1,2008-06-12,CW,13,5,C,1
5254,PLEASANT (MUD) P,1,2008-07-10,CW,4.2,5,C,1
5254,PLEASANT (MUD) P,3,2008-07-10,CW,3.5,2.9,C,1
5254,PLEASANT (MUD) P,3,2008-08-11,CW,7.3,3,C,1
5254,PLEASANT (MUD) P,1,2008-08-11,CW,11,7,C,1
5254,PLEASANT (MUD) P,3,2008-08-26,CW,5.2,3,C,1
5254,PLEASANT (MUD) P,1,2008-08-26,CW,28,5,C,1
5254,PLEASANT (MUD) P,1,2008-09-11,CW,14,6,C,1
5254,PLEASANT (MUD) P,3,2008-09-11,CW,5.2,3,C,1
5254,PLEASANT (MUD) P,1,2008-09-11,CW,13,6,C,2
5254,PLEASANT (MUD) P,3,2008-10-06,CW,4.8,3,C,1
5254,PLEASANT (MUD) P,1,2008-10-06,CW,8.3,8,C,1
5254,PLEASANT (MUD) P,1,2009-05-22,CW,2.9,8,C,1
5254,PLEASANT (MUD) P,3,2009-05-22,CW,4.5,3,C,1
5254,PLEASANT (MUD) P,3,2009-06-25,CW,6.1,3,C,2
5254,PLEASANT (MUD) P,1,2009-06-25,CW,3.5,7,C,1
5254,PLEASANT (MUD) P,3,2009-06-25,CW,6.2,3,C,1
5254,PLEASANT (MUD) P,3,2009-07-23,CW,10,2.5,C,1
5254,PLEASANT (MUD) P,1,2009-07-23,CW,12,6,C,1
5254,PLEASANT (MUD) P,3,2009-08-18,CW,13,2,C,1
5254,PLEASANT (MUD) P,1,2009-08-18,CW,56,5,C,1
5254,PLEASANT (MUD) P,3,2009-09-15,CW,6.4,3,C,1
5254,PLEASANT (MUD) P,1,2009-09-15,CW,22,5.5,C,1
5254,PLEASANT (MUD) P,1,2009-10-08,CW,10,8,C,1
5254,PLEASANT (MUD) P,3,2009-10-08,CW,3.6,3.5,C,1
5254,PLEASANT (MUD) P,1,2010-05-27,cw,6.1,5,C,1
5254,PLEASANT (MUD) P,1,2010-06-21,cw,6.6,5,C,1
5254,PLEASANT (MUD) P,1,2010-07-22,cw,26,3.5,C,1
5254,PLEASANT (MUD) P,1,2010-08-17,cw,17,5,C,1
5254,PLEASANT (MUD) P,1,2010-08-17,cw,24,5,C,1
5254,PLEASANT (MUD) P,1,2010-09-15,cw,18,6,C,1
5254,PLEASANT (MUD) P,1,2010-10-14,cw,16,8,C,1
5254,PLEASANT (MUD) P,1,2011-05-25,cw,4.1,9,C,1
5254,PLEASANT (MUD) P,1,2011-06-22,cw,7.9,5,C,1
5254,PLEASANT (MUD) P,1,2011-07-21,cw,3.5,3.5,C,1
5254,PLEASANT (MUD) P,1,2011-08-17,cw,51,5.5,C,1
5254,PLEASANT (MUD) P,1,2011-08-17,cw,50,5.5,C,1
5254,PLEASANT (MUD) P,1,2011-09-14,cw,18,6,C,1
5254,PLEASANT (MUD) P,1,2011-10-11,cw,9,8,C,1
5254,PLEASANT (MUD) P,3,2012-05-21,cw,7.2,3,C,1
5254,PLEASANT (MUD) P,1,2012-05-21,cw,3.7,5,C,1
5254,PLEASANT (MUD) P,1,2012-06-18,cw,3.7,5,C,1
5254,PLEASANT (MUD) P,1,2012-07-18,cw,23,4,C,1
5254,PLEASANT (MUD) P,1,2012-08-14,cw,26,4,C,1
5254,PLEASANT (MUD) P,1,2012-09-11,cw,17,6.5,C,1
5254,PLEASANT (MUD) P,1,2012-10-18,cw,13,8,C,1
5254,PLEASANT (MUD) P,3,2013-05-28,CW,7.2,3,C,1
5254,PLEASANT (MUD) P,1,2013-05-28,CW,5.2,8,C,1
5254,PLEASANT (MUD) P,1,2013-06-26,CW,10,4,C,1
5254,PLEASANT (MUD) P,3,2013-06-26,CW,11,2,C,1
5254,PLEASANT (MUD) P,1,2013-07-24,CW,13,4.5,C,1
5254,PLEASANT (MUD) P,3,2013-07-24,CW,8.1,2,C,1
5254,PLEASANT (MUD) P,1,2013-08-21,CW,20,5,C,1
5254,PLEASANT (MUD) P,3,2013-08-21,CW,5.4,3,C,1
5254,PLEASANT (MUD) P,1,2013-09-17,CW,10,7,C,1
5254,PLEASANT (MUD) P,3,2013-09-17,CW,7.2,3,C,1
5254,PLEASANT (MUD) P,1,2014-05-27,CW,7.2,6,C,1
5254,PLEASANT (MUD) P,3,2014-05-27,CW,8,3,C,1
5254,PLEASANT (MUD) P,1,2014-06-24,CW,7.1,4,C,1
5254,PLEASANT (MUD) P,3,2014-06-24,CW,6.3,3,C,1
5254,PLEASANT (MUD) P,1,2014-07-24,CW,12,5,C,1
5254,PLEASANT (MUD) P,3,2014-07-24,CW,6.5,2.5,C,1
5254,PLEASANT (MUD) P,3,2014-08-06,CW,6,2,C,1
5254,PLEASANT (MUD) P,1,2014-08-06,CW,10,4.5,C,1
5254,PLEASANT (MUD) P,1,2014-09-03,CW,13,5,C,1
5254,PLEASANT (MUD) P,3,2014-09-03,CW,14,2.5,C,1
5254,PLEASANT (MUD) P,1,2014-10-20,CW,14,8,C,1
5254,PLEASANT (MUD) P,3,2015-05-28,CW,4.6,3,C,1
5254,PLEASANT (MUD) P,1,2015-05-28,CW,4.4,6,C,1
5254,PLEASANT (MUD) P,1,2015-06-24,CW,10,5,C,1
5254,PLEASANT (MUD) P,3,2015-06-24,CW,3.3,3.5,C,1
5254,PLEASANT (MUD) P,1,2015-07-22,CW,8.5,4,C,1
5254,PLEASANT (MUD) P,3,2015-07-22,CW,4.3,3.5,C,1
5254,PLEASANT (MUD) P,3,2015-08-18,CW,4.6,3,C,1
5254,PLEASANT (MUD) P,1,2015-08-18,CW,21,5,C,1
5254,PLEASANT (MUD) P,1,2015-09-18,CW,13,5,C,1
5254,PLEASANT (MUD) P,3,2015-09-18,CW,6.4,3,C,1
5254,PLEASANT (MUD) P,3,2015-10-08,CW,11,3,C,1
5254,PLEASANT (MUD) P,1,2015-10-08,CW,14,8,C,1
5254,PLEASANT (MUD) P,3,2016-05-10,CW,6.3,3,C,1
5254,PLEASANT (MUD) P,1,2016-05-10,CW,4.9,9,C,1
5254,PLEASANT (MUD) P,1,2016-06-08,CW,4.3,5,C,1
5254,PLEASANT (MUD) P,3,2016-06-08,CW,3.5,3,C,1
5254,PLEASANT (MUD) P,1,2016-06-22,CW,2.8,5,C,1
5254,PLEASANT (MUD) P,1,2016-07-13,CW,2.7,5,C,1
5254,PLEASANT (MUD) P,3,2016-07-13,CW,2.9,3,C,1
5254,PLEASANT (MUD) P,1,2016-08-09,CW,7.5,5,C,1
5254,PLEASANT (MUD) P,3,2016-08-09,CW,3.2,3,C,1
5254,PLEASANT (MUD) P,3,2016-09-07,CW,2.9,3,C,1
5254,PLEASANT (MUD) P,1,2016-09-07,CW,15,6,C,1
5254,PLEASANT (MUD) P,1,2016-10-05,CW,23,7,C,1
5254,PLEASANT (MUD) P,3,2016-10-05,CW,3.1,3,C,1
5254,PLEASANT (MUD) P,3,2017-05-16,CW,5.5,3,C,1
5254,PLEASANT (MUD) P,1,2017-05-16,CW,10,8,C,1
5254,PLEASANT (MUD) P,1,2017-06-14,CW,25,5,C,1
5254,PLEASANT (MUD) P,3,2017-06-14,CW,16,3,C,1
5254,PLEASANT (MUD) P,3,2017-07-14,CW,4.9,3,C,1
5254,PLEASANT (MUD) P,1,2017-07-14,CW,6.6,4.5,C,1
5254,PLEASANT (MUD) P,1,2017-08-09,CW,17,4.5,C,1
5254,PLEASANT (MUD) P,3,2017-08-09,CW,5.5,3,C,1
5254,PLEASANT (MUD) P,1,2017-09-08,CW,16,6,C,1
5254,PLEASANT (MUD) P,3,2017-09-08,CW,4.4,3,C,1
5254,PLEASANT (MUD) P,1,2017-09-25,CW,19,6,C,1
5254,PLEASANT (MUD) P,3,2017-10-04,CW,3.3,3,C,1
5254,PLEASANT (MUD) P,1,2017-10-04,CW,11,7,C,1
5254,PLEASANT (MUD) P,1,2018-05-24,CW,4,5,C,1
5254,PLEASANT (MUD) P,3,2018-05-24,CW,9,3,C,1
5254,PLEASANT (MUD) P,3,2018-06-27,CW,8,3,C,1
5254,PLEASANT (MUD) P,1,2018-06-27,CW,10,5,C,1
5254,PLEASANT (MUD) P,1,2018-07-25,CW,14,4,C,1
5254,PLEASANT (MUD) P,3,2018-07-25,CW,10,3.5,C,1
5254,PLEASANT (MUD) P,1,2018-08-21,CW,23,4,C,1
5254,PLEASANT (MUD) P,3,2018-08-21,CW,6,3,C,1
5254,PLEASANT (MUD) P,3,2018-09-17,CW,4,3.5,C,1
5254,PLEASANT (MUD) P,1,2018-09-17,CW,43,4.5,C,1
5254,PLEASANT (MUD) P,1,2018-10-16,CW,10,8,C,1
5254,PLEASANT (MUD) P,3,2018-10-16,CW,7,3.5,C,1
5254,PLEASANT (MUD) P,3,2019-05-15,CW,10,3,C,1
5254,PLEASANT (MUD) P,1,2019-05-15,CW,19,6,C,1
5254,PLEASANT (MUD) P,3,2019-06-25,CW,13,3,C,1
5254,PLEASANT (MUD) P,1,2019-06-25,CW,11,4,C,1
5254,PLEASANT (MUD) P,1,2019-07-09,CW,6,4,C,1
5254,PLEASANT (MUD) P,3,2019-07-09,CW,11,1.5,C,1
5254,PLEASANT (MUD) P,1,2019-08-09,CW,8,4,C,1
5254,PLEASANT (MUD) P,3,2019-08-09,CW,8,3,C,1
5254,PLEASANT (MUD) P,1,2019-09-10,CW,10,6,C,1
5254,PLEASANT (MUD) P,3,2019-09-10,CW,9,3,C,1
5254,PLEASANT (MUD) P,3,2019-10-08,CW,4,3,C,1
5254,PLEASANT (MUD) P,1,2019-10-08,CW,9,7.5,C,1
5254,PLEASANT (MUD) P,3,2020-06-24,CW,7,3,C,1
5254,PLEASANT (MUD) P,1,2020-06-24,CW,4,4,C,1
5254,PLEASANT (MUD) P,3,2020-07-28,CW,10,2.5,C,1
5254,PLEASANT (MUD) P,1,2020-07-28,CW,12,4,C,1
5254,PLEASANT (MUD) P,3,2020-08-14,CW,33,2.5,C,1
5254,PLEASANT (MUD) P,1,2020-08-17,CW,24,4.5,C,1
5254,PLEASANT (MUD) P,3,2020-09-01,CW,60,3,C,1
5254,PLEASANT (MUD) P,1,2020-09-01,CW,9,6,C,1
5254,PLEASANT (MUD) P,1,2020-09-18,CW,12,7,C,1
5254,PLEASANT (MUD) P,3,2020-09-18,CW,38,3,C,1
5254,PLEASANT (MUD) P,1,2020-10-19,CW,19,8,C,1
5254,PLEASANT (MUD) P,3,2020-10-19,CW,6,3,C,1
5265,DESERT P,1,2010-09-01,CW,1.6,3.5,C,1
5265,DESERT P,1,2011-08-31,CW,4.2,4,C,1
5265,DESERT P,1,2012-09-06,CW,6.1,3,C,1
5265,DESERT P,1,2013-08-22,CW,5.3,3,C,1
5265,DESERT P,1,2014-08-26,CW,5.8,4,C,1
5265,DESERT P,1,2015-08-17,CW,4.6,4,C,1
5265,DESERT P,1,2016-08-23,CW,2.7,4,C,1
5265,DESERT P,1,2017-08-22,CW,2.4,4,C,1
5265,DESERT P,1,2018-08-30,CW,4,4.5,C,1
5265,DESERT P,1,2019-08-28,CW,3,4,C,1
5300,SHED P,1,2005-09-12,CW,3.5,1.5,C,1
5300,SHED P,1,2006-08-24,CW,7.4,1,C,1
5300,SHED P,1,2007-08-28,CW,8.9,1,C,1
5300,SHED P,1,2008-08-25,CW,8.6,0.5,G,1
5300,SHED P,1,2009-08-19,CW,6.2,1.5,C,1
5300,SHED P,1,2010-08-26,cw,4.7,2,C,1
5300,SHED P,1,2011-08-23,cw,99.9,2,C,1
5300,SHED P,1,2012-08-28,cw,7.4,2.5,C,1
5300,SHED P,1,2013-08-27,cw,7,2,C,1
5300,SHED P,1,2014-08-28,cw,7.5,2,C,1
5300,SHED P,1,2015-08-10,cw,7.9,2.5,C,1
5300,SHED P,1,2016-08-23,CW,4.9,2,C,1
5300,SHED P,1,2017-08-24,CW,4.1,2,C,1
5300,SHED P,1,2018-08-30,CW,4,2.5,C,1
5300,SHED P,1,2019-08-28,CW,3,2.5,C,1
5300,SHED P,1,2020-09-03,CW,5,2.5,C,1
5302,JAMIES (JIMMIE) P,1,1998-08-19,CW,4.66,4,C,1
5302,JAMIES (JIMMIE) P,1,1999-08-05,CW,3.07,4,C,1
5302,JAMIES (JIMMIE) P,1,2000-08-28,CW,4.6,5,C,1
5302,JAMIES (JIMMIE) P,1,2001-08-20,CW,2.3,4,C,1
5302,JAMIES (JIMMIE) P,1,2003-08-08,CW,1.8,4,C,1
5302,JAMIES (JIMMIE) P,1,2004-08-10,CW,9.7,4,C,1
5302,JAMIES (JIMMIE) P,1,2005-09-01,CW,3.6,4,C,1
5302,JAMIES (JIMMIE) P,1,2007-08-27,CW,2.9,4,C,1
5302,JAMIES (JIMMIE) P,1,2008-08-21,CW,3.9,5,C,1
5302,JAMIES (JIMMIE) P,1,2009-08-24,CW,5.3,4,C,1
5302,JAMIES (JIMMIE) P,1,2010-05-25,CW,2,5,C,1
5302,JAMIES (JIMMIE) P,1,2010-06-16,CW,1.9,3,C,1
5302,JAMIES (JIMMIE) P,1,2010-07-23,CW,2.6,4,C,1
5302,JAMIES (JIMMIE) P,1,2010-08-19,CW,1.7,4,C,1
5302,JAMIES (JIMMIE) P,1,2010-09-23,CW,1.6,6,C,1
5302,JAMIES (JIMMIE) P,1,2010-10-29,CW,0.9,9,C,1
5302,JAMIES (JIMMIE) P,1,2010-10-29,CW,1.1,9,C,2
5302,JAMIES (JIMMIE) P,1,2011-06-07,CW,2.5,3,C,1
5302,JAMIES (JIMMIE) P,1,2011-06-29,CW,6,4,C,1
5302,JAMIES (JIMMIE) P,1,2011-07-20,CW,3.7,5,C,2
5302,JAMIES (JIMMIE) P,1,2011-07-20,CW,3.4,5,C,1
5302,JAMIES (JIMMIE) P,1,2011-08-12,CW,6.1,4,C,1
5302,JAMIES (JIMMIE) P,1,2011-09-26,CW,1.9,6,C,1
5302,JAMIES (JIMMIE) P,1,2014-05-30,CW,3.1,6,C,1
5302,JAMIES (JIMMIE) P,1,2014-06-19,CW,3.9,6,C,2
5302,JAMIES (JIMMIE) P,1,2014-06-19,CW,3.1,6,C,1
5302,JAMIES (JIMMIE) P,1,2014-07-17,CW,3.2,6,C,1
5302,JAMIES (JIMMIE) P,1,2014-08-14,CW,2.3,6,C,1
5302,JAMIES (JIMMIE) P,1,2014-09-15,CW,1.8,6,C,1
5302,JAMIES (JIMMIE) P,1,2016-07-12,CW,2.5,7,C,1
5302,JAMIES (JIMMIE) P,1,2016-08-15,CW,4.2,6,C,1
5302,JAMIES (JIMMIE) P,1,2017-05-25,CW,4.2,7,C,1
5302,JAMIES (JIMMIE) P,1,2017-06-15,CW,4.2,5,C,1
5302,JAMIES (JIMMIE) P,1,2017-07-26,CW,3.6,5,C,1
5302,JAMIES (JIMMIE) P,1,2017-08-22,CW,2.4,5,C,1
5302,JAMIES (JIMMIE) P,1,2017-09-28,CW,3,9,C,1
5302,JAMIES (JIMMIE) P,1,2017-10-23,CW,3.6,7,C,1
5302,JAMIES (JIMMIE) P,1,2018-06-14,CW,3,5,C,1
5302,JAMIES (JIMMIE) P,1,2018-07-12,CW,3,5,C,1
5302,JAMIES (JIMMIE) P,1,2018-08-23,CW,4,6,C,1
5302,JAMIES (JIMMIE) P,1,2018-09-13,CW,5,8,C,1
5302,JAMIES (JIMMIE) P,1,2018-10-31,CW,2,9,C,1
5304,HUTCHINSON P,1,2009-09-01,CW,2.3,3.5,C,1
5304,HUTCHINSON P,1,2010-08-19,CW,2.9,4,C,1
5304,HUTCHINSON P,1,2011-08-23,CW,2.7,4,C,1
5304,HUTCHINSON P,1,2012-08-29,CW,1.6,3.5,C,1
5304,HUTCHINSON P,1,2013-08-19,CW,2,3,C,1
5304,HUTCHINSON P,1,2014-08-25,CW,2.7,3.5,C,1
5304,HUTCHINSON P,1,2015-08-28,CW,2.8,4,C,1
5304,HUTCHINSON P,1,2016-08-23,CW,1.8,4,C,1
5304,HUTCHINSON P,1,2017-08-24,CW,1.7,4,C,1
5304,HUTCHINSON P,1,2018-08-31,CW,2,4,C,1
5304,HUTCHINSON P,1,2019-08-30,CW,2,4,C,1
5307,TORSEY (GREELEY) P,1,1998-08-06,CW,5.81,5,C,1
5307,TORSEY (GREELEY) P,1,1998-08-06,CW,5.81,5,C,1
5307,TORSEY (GREELEY) P,1,1999-08-03,CW,3.79,6,C,1
5307,TORSEY (GREELEY) P,1,1999-09-02,CW,99.9,99.9,C,1
5307,TORSEY (GREELEY) P,1,2000-05-03,CW,2.82,10,C,1
5307,TORSEY (GREELEY) P,1,2000-06-08,CW,4.7,7,C,1
5307,TORSEY (GREELEY) P,1,2000-07-07,CW,7,6,C,1
5307,TORSEY (GREELEY) P,1,2000-08-04,CW,5.1,6,C,1
5307,TORSEY (GREELEY) P,1,2000-09-06,CW,2.8,7,C,1
5307,TORSEY (GREELEY) P,1,2000-10-11,CW,3.3,10,C,1
5307,TORSEY (GREELEY) P,1,2001-08-06,CW,4.4,6,C,1
5307,TORSEY (GREELEY) P,1,2002-08-08,CW,3.8,6,C,1
5307,TORSEY (GREELEY) P,1,2003-05-09,CW,2.8,10,C,1
5307,TORSEY (GREELEY) P,1,2003-06-03,CW,3,7,C,1
5307,TORSEY (GREELEY) P,1,2003-07-01,CW,4.5,5,C,1
5307,TORSEY (GREELEY) P,1,2003-08-01,CW,4.4,6,C,1
5307,TORSEY (GREELEY) P,1,2003-09-09,CW,2.6,7,C,1
5307,TORSEY (GREELEY) P,1,2003-10-08,CW,4.7,9,C,1
5307,TORSEY (GREELEY) P,1,2004-08-02,CW,5.5,6,C,1
5307,TORSEY (GREELEY) P,1,2005-08-08,CW,2.9,5,C,1
5307,TORSEY (GREELEY) P,1,2006-05-17,CW,4.6,10,C,1
5307,TORSEY (GREELEY) P,1,2006-06-16,CW,3.5,6,C,1
5307,TORSEY (GREELEY) P,1,2006-07-14,CW,4.8,7,C,1
5307,TORSEY (GREELEY) P,1,2006-08-15,CW,2.9,6,C,1
5307,TORSEY (GREELEY) P,1,2006-09-15,CW,4,7,C,1
5307,TORSEY (GREELEY) P,1,2006-11-01,CW,3.6,10,C,1
5307,TORSEY (GREELEY) P,1,2008-09-04,CW,2.8,6,C,1
5307,TORSEY (GREELEY) P,1,2009-05-26,CW,3.2,6,C,1
5307,TORSEY (GREELEY) P,1,2009-06-30,CW,5.2,5,C,1
5307,TORSEY (GREELEY) P,1,2009-07-17,CW,4.9,6,C,1
5307,TORSEY (GREELEY) P,1,2009-08-14,CW,3.6,5,C,1
5307,TORSEY (GREELEY) P,1,2009-09-24,CW,2.7,7.5,C,1
5307,TORSEY (GREELEY) P,1,2009-10-27,CW,4.8,10,C,1
5307,TORSEY (GREELEY) P,1,2012-06-08,cw,5.1,5,C,1
5307,TORSEY (GREELEY) P,1,2012-06-27,cw,5.9,5,C,1
5307,TORSEY (GREELEY) P,1,2012-07-30,cw,2.7,5,C,1
5307,TORSEY (GREELEY) P,1,2012-08-21,cw,2.2,5,C,1
5307,TORSEY (GREELEY) P,1,2012-09-28,cw,2.6,8,C,1
5307,TORSEY (GREELEY) P,1,2015-05-27,cw,4,7,C,1
5307,TORSEY (GREELEY) P,1,2015-06-18,cw,6.2,7,C,1
5307,TORSEY (GREELEY) P,1,2015-07-14,cw,4.4,6,C,1
5307,TORSEY (GREELEY) P,1,2015-08-13,cw,4.3,6,C,1
5307,TORSEY (GREELEY) P,1,2015-09-18,cw,4.9,6,C,1
5307,TORSEY (GREELEY) P,1,2015-11-03,cw,4.8,10,C,1
5307,TORSEY (GREELEY) P,1,2018-06-01,CW,9,7,C,1
5307,TORSEY (GREELEY) P,1,2018-06-18,CW,6,7,C,1
5307,TORSEY (GREELEY) P,1,2018-07-16,CW,4,7,C,1
5307,TORSEY (GREELEY) P,1,2018-10-10,CW,3,9,C,1
5310,CARLTON P,1,1998-07-24,CW,38.08,4,C,1
5310,CARLTON P,1,1998-08-05,CW,7.66,5,C,1
5310,CARLTON P,1,1998-08-27,CW,3.2,4,C,1
5310,CARLTON P,1,1998-09-30,CW,10.63,6,C,1
5310,CARLTON P,1,1998-10-23,CW,4.35,10,C,1
5310,CARLTON P,1,1999-05-04,CW,2.35,10,C,1
5310,CARLTON P,1,1999-05-21,CW,6.01,6,C,1
5310,CARLTON P,1,1999-06-04,CW,3.79,5,C,1
5310,CARLTON P,1,1999-06-22,CW,5.93,5,C,1
5310,CARLTON P,1,1999-07-07,CW,4.26,5,C,1
5310,CARLTON P,1,1999-07-19,CW,3.85,5,C,1
5310,CARLTON P,1,1999-08-09,CW,3.81,6,C,1
5310,CARLTON P,1,1999-08-20,CW,3.17,7,C,1
5310,CARLTON P,1,1999-09-08,CW,2.65,6,C,1
5310,CARLTON P,1,1999-09-24,CW,3.05,9,C,1
5310,CARLTON P,1,1999-10-15,CW,6.04,10,C,1
5310,CARLTON P,1,1999-10-26,CW,5.37,10,C,1
5310,CARLTON P,1,2000-05-11,CW,15,10,C,1
5310,CARLTON P,1,2000-05-22,CW,6.7,5,C,1
5310,CARLTON P,1,2000-06-01,CW,7.4,6,C,1
5310,CARLTON P,1,2000-06-13,CW,4.8,6,C,1
5310,CARLTON P,1,2000-06-26,CW,2.2,5,C,1
5310,CARLTON P,1,2000-07-07,CW,2.3,5,C,1
5310,CARLTON P,1,2000-07-26,CW,2.7,6,C,1
5310,CARLTON P,1,2000-08-21,CW,2.2,7,C,1
5310,CARLTON P,1,2000-09-05,CW,1.8,7,C,1
5310,CARLTON P,1,2000-09-18,CW,2.7,8,C,1
5310,CARLTON P,1,2000-10-03,CW,1,9,C,1
5310,CARLTON P,1,2000-10-23,CW,4.2,10,C,1
5310,CARLTON P,1,2001-05-10,CW,3.1,4,C,1
5310,CARLTON P,1,2001-05-25,CW,11.3,3,C,1
5310,CARLTON P,1,2001-06-11,CW,1.7,4,C,1
5310,CARLTON P,1,2001-06-28,CW,1.9,5,C,1
5310,CARLTON P,1,2004-08-05,CW,5.1,5,C,1
5310,CARLTON P,1,2004-09-17,CW,4.8,7,C,1
5310,CARLTON P,1,2004-10-14,CW,6,8,C,1
5310,CARLTON P,1,2005-06-02,CW,8.7,10,C,1
5310,CARLTON P,1,2005-07-20,CW,7.2,5,C,1
5310,CARLTON P,1,2005-08-05,CW,4.3,5,C,1
5310,CARLTON P,1,2005-09-14,CW,2.3,6,C,1
5310,CARLTON P,1,2005-10-12,CW,3.6,9,C,1
5310,CARLTON P,1,2010-06-22,CW,2.8,5,C,1
5310,CARLTON P,1,2010-07-30,CW,1.9,5,C,1
5310,CARLTON P,1,2010-08-24,CW,3.2,6.5,C,1
5310,CARLTON P,1,2010-08-24,CW,3.3,6.5,C,1
5310,CARLTON P,1,2010-10-19,CW,3.6,9,C,1
5310,CARLTON P,1,2011-06-07,CW,3,4,C,1
5310,CARLTON P,1,2011-06-28,CW,6.7,5,C,1
5310,CARLTON P,1,2011-07-25,CW,5.5,5,C,1
5310,CARLTON P,1,2011-07-25,CW,5.7,5,C,2
5310,CARLTON P,1,2011-08-24,CW,4.6,5,C,1
5310,CARLTON P,1,2011-10-07,CW,4,7,C,1
5310,CARLTON P,1,2012-06-15,CW,3.5,5,C,1
5310,CARLTON P,1,2012-07-17,CW,4.9,5,C,1
5310,CARLTON P,1,2012-08-23,CW,2.5,6,C,1
5310,CARLTON P,1,2012-09-24,CW,3.9,6.5,C,1
5310,CARLTON P,1,2015-06-04,CW,6.6,8,C,1
5310,CARLTON P,1,2015-06-16,CW,7,8,C,1
5310,CARLTON P,1,2015-07-09,CW,9.5,8,C,1
5310,CARLTON P,1,2015-08-06,CW,3.9,8,C,1
5310,CARLTON P,1,2015-09-03,CW,3.7,6,C,1
5310,CARLTON P,1,2015-10-23,CW,3.9,9,C,1
5310,CARLTON P,1,2018-05-31,CW,12,8,C,1
5310,CARLTON P,1,2018-06-25,CW,48,8,C,1
5310,CARLTON P,1,2018-07-17,CW,6,8,C,1
5310,CARLTON P,1,2018-08-29,CW,3,8,C,1
5310,CARLTON P,1,2018-09-26,CW,3,7,C,1
5310,CARLTON P,1,2018-10-22,CW,2,9,C,1
5312,MARANACOOK L,2,1998-05-08,CW,1.47,10,C,1
5312,MARANACOOK L,1,1998-05-08,CW,4.3,10,C,1
5312,MARANACOOK L,1,1998-06-09,CW,4.05,8,C,1
5312,MARANACOOK L,2,1998-06-09,CW,6.36,7,C,1
5312,MARANACOOK L,2,1998-07-09,CW,10.71,4,C,1
5312,MARANACOOK L,1,1998-07-09,CW,7.36,5,C,1
5312,MARANACOOK L,1,1998-08-06,CW,4.96,7,C,1
5312,MARANACOOK L,2,1998-08-06,CW,5.9,4,C,1
5312,MARANACOOK L,2,1998-09-11,CW,4.45,6,C,1
5312,MARANACOOK L,1,1998-09-11,CW,4.41,7,C,1
5312,MARANACOOK L,1,1998-10-16,CW,4.03,10,C,1
5312,MARANACOOK L,2,1998-10-16,CW,5.69,10,C,1
5312,MARANACOOK L,1,2001-05-22,CW,6.1,10,C,1
5312,MARANACOOK L,2,2001-05-22,CW,4.2,10,C,1
5312,MARANACOOK L,2,2001-06-19,CW,8.6,5,C,1
5312,MARANACOOK L,1,2001-06-19,CW,3.5,5,C,1
5312,MARANACOOK L,1,2001-07-23,CW,6.7,6,C,1
5312,MARANACOOK L,1,2001-07-23,CW,2,6,C,1
5312,MARANACOOK L,1,2001-08-28,CW,6.6,8,C,1
5312,MARANACOOK L,2,2001-08-28,CW,5.2,6,C,1
5312,MARANACOOK L,1,2001-09-26,CW,6.7,9,C,1
5312,MARANACOOK L,2,2001-09-26,CW,4.1,7,C,1
5312,MARANACOOK L,1,2002-05-30,CW,3.6,10,C,1
5312,MARANACOOK L,2,2002-05-30,CW,4.8,10,C,1
5312,MARANACOOK L,1,2002-06-26,CW,6,10,C,1
5312,MARANACOOK L,2,2002-06-26,CW,4.5,7,C,1
5312,MARANACOOK L,1,2002-07-31,Cw,3.8,7,C,1
5312,MARANACOOK L,2,2002-07-31,CW,4.7,5,C,1
5312,MARANACOOK L,1,2002-08-21,CW,2.3,6,C,1
5312,MARANACOOK L,2,2002-08-21,CW,4,5,C,1
5312,MARANACOOK L,2,2002-09-26,CW,6,7,C,1
5312,MARANACOOK L,1,2002-09-26,CW,2.9,10,C,1
5312,MARANACOOK L,1,2002-10-30,CW,4.5,10,C,1
5312,MARANACOOK L,2,2002-10-30,CW,9.2,10,C,1
5312,MARANACOOK L,2,2003-08-07,CW,4.5,5,C,1
5312,MARANACOOK L,2,2005-06-03,CW,2.3,10,C,1
5312,MARANACOOK L,1,2005-06-03,CW,2.9,10,C,1
5312,MARANACOOK L,1,2005-07-01,CW,7.3,4,C,1
5312,MARANACOOK L,2,2005-07-08,CW,6.8,4,C,1
5312,MARANACOOK L,2,2005-07-27,CW,6.1,5,C,1
5312,MARANACOOK L,1,2005-07-27,CW,11.3,5,C,1
5312,MARANACOOK L,2,2005-08-23,CW,5.2,5,C,1
5312,MARANACOOK L,1,2005-08-23,CW,3.2,6,C,1
5312,MARANACOOK L,1,2005-09-30,CW,2.1,9,C,1
5312,MARANACOOK L,2,2005-09-30,CW,3.5,8,C,1
5312,MARANACOOK L,2,2005-10-28,CW,2.3,10,C,1
5312,MARANACOOK L,1,2005-10-28,CW,4.4,10,C,1
5312,MARANACOOK L,1,2008-05-21,CW,6.2,8,C,1
5312,MARANACOOK L,2,2008-05-21,CW,3.2,5,C,1
5312,MARANACOOK L,2,2008-06-18,CW,5.1,5,C,1
5312,MARANACOOK L,1,2008-06-18,CW,5.2,5,C,1
5312,MARANACOOK L,2,2008-07-17,CW,7.9,6,C,1
5312,MARANACOOK L,1,2008-07-17,CW,4.4,7,C,1
5312,MARANACOOK L,2,2008-08-14,CW,5,6,C,1
5312,MARANACOOK L,1,2008-08-14,CW,4.8,8,C,1
5312,MARANACOOK L,2,2008-09-19,CW,7.8,7,C,1
5312,MARANACOOK L,1,2008-09-19,CW,3.7,9,C,1
5312,MARANACOOK L,2,2008-10-15,CW,8.3,8,C,1
5312,MARANACOOK L,1,2008-10-15,CW,6.6,10,C,1
5312,MARANACOOK L,2,2010-08-12,cw,7.5,5.5,C,2
5312,MARANACOOK L,2,2010-08-12,cw,7.4,5.5,C,1
5312,MARANACOOK L,2,2011-05-26,cw,3,10,C,1
5312,MARANACOOK L,1,2011-05-26,cw,3.9,10,C,1
5312,MARANACOOK L,1,2011-06-20,cw,3.7,5,C,1
5312,MARANACOOK L,2,2011-06-20,cw,5.1,5,C,1
5312,MARANACOOK L,1,2011-07-19,cw,3.8,6,C,1
5312,MARANACOOK L,2,2011-07-19,cw,4.9,4.5,C,1
5312,MARANACOOK L,2,2011-08-18,cw,4.8,5,C,1
5312,MARANACOOK L,1,2011-08-18,cw,2.7,7,C,2
5312,MARANACOOK L,1,2011-08-18,cw,3.1,7,C,1
5312,MARANACOOK L,1,2011-09-27,cw,3.5,9,C,1
5312,MARANACOOK L,2,2011-09-27,cw,8.1,7,C,1
5312,MARANACOOK L,1,2014-05-28,CW,6,9,C,1
5312,MARANACOOK L,2,2014-05-28,CW,6.4,7,C,1
5312,MARANACOOK L,1,2014-06-09,CW,5.5,7,C,1
5312,MARANACOOK L,2,2014-06-09,CW,5,7,C,1
5312,MARANACOOK L,1,2014-07-01,CW,4.4,7,C,1
5312,MARANACOOK L,2,2014-07-01,CW,7.9,6,C,1
5312,MARANACOOK L,1,2014-08-04,CW,5.2,7,C,1
5312,MARANACOOK L,2,2014-08-04,CW,5.3,5,C,1
5312,MARANACOOK L,2,2014-09-05,CW,4.8,5,C,1
5312,MARANACOOK L,1,2014-09-05,CW,3.2,7,C,1
5312,MARANACOOK L,2,2016-10-06,CW,,99.9,C,1
5312,MARANACOOK L,1,2017-05-23,CW,4.1,9,C,1
5312,MARANACOOK L,2,2017-05-23,CW,4.2,7,C,1
5312,MARANACOOK L,2,2017-06-12,CW,5.2,6,C,1
5312,MARANACOOK L,1,2017-06-12,CW,3.1,9,C,1
5312,MARANACOOK L,2,2017-08-14,CW,4.1,5,C,1
5312,MARANACOOK L,1,2017-08-14,CW,5.8,7,C,1
5312,MARANACOOK L,2,2017-09-05,CW,7.1,6,C,1
5312,MARANACOOK L,1,2017-09-05,CW,3.6,9,C,1
5312,MARANACOOK L,1,2017-10-03,CW,,99.9,C,1
5312,MARANACOOK L,2,2017-10-03,CW,,99.9,C,1
5312,MARANACOOK L,2,2017-10-18,CW,6.1,7,C,1
5312,MARANACOOK L,1,2017-10-18,CW,5.7,9,C,1
5312,MARANACOOK L,2,2020-06-22,CW,5,6,C,1
5312,MARANACOOK L,1,2020-06-22,CW,2,6,C,1
5312,MARANACOOK L,2,2020-07-21,CW,4,5,C,1
5312,MARANACOOK L,1,2020-07-21,CW,4,7,C,1
5312,MARANACOOK L,2,2020-08-21,CW,4,6,C,1
5312,MARANACOOK L,1,2020-08-21,CW,6,7,C,1
5312,MARANACOOK L,1,2020-09-21,CW,2,9,C,1
5312,MARANACOOK L,1,2020-10-22,CW,2,9,C,1
5312,MARANACOOK L,2,2020-10-22,CW,8,9,C,1
5312,MARANACOOK L,2,2021-09-21,CW,8,7,C,1
5316,KEZAR P,1,1998-08-26,CW,7.01,3,C,1
5316,KEZAR P,1,2003-08-25,CW,11.9,5,C,1
5316,KEZAR P,1,2009-08-07,cw,8.5,2.5,C,1
5316,KEZAR P,1,2010-08-11,cw,3.5,4,C,1
5316,KEZAR P,1,2011-08-22,cw,3.9,4,C,2
5316,KEZAR P,1,2011-08-22,cw,3.6,4,C,1
5316,KEZAR P,1,2012-08-24,cw,24,3.2,G,1
5316,KEZAR P,1,2012-08-24,cw,9.7,3.5,C,1
5316,KEZAR P,1,2013-08-29,cw,6.6,4,C,1
5316,KEZAR P,1,2014-08-19,CW,13,4.5,C,1
5316,KEZAR P,1,2015-08-14,CW,3.6,4.5,G,1
5316,KEZAR P,1,2015-08-14,CW,4.8,4.5,C,1
5316,KEZAR P,1,2016-08-25,CW,7.6,4.5,C,1
5316,KEZAR P,1,2017-08-29,CW,7.5,4.5,C,1
5316,KEZAR P,1,2018-08-31,CW,4,5,C,1
5316,KEZAR P,1,2020-09-02,CW,14,4,C,1
8065,COBBOSSEECONTEE (LT),1,1998-05-27,CW,2.69,4,C,1
8065,COBBOSSEECONTEE (LT),1,1998-06-26,CW,13.31,4,C,1
8065,COBBOSSEECONTEE (LT),1,1998-07-27,CW,4.78,2,C,1
8065,COBBOSSEECONTEE (LT),1,1998-08-27,CW,11.29,3,C,1
8065,COBBOSSEECONTEE (LT),1,1998-09-30,CW,51.31,4,C,1
8065,COBBOSSEECONTEE (LT),1,1998-10-23,CW,53.63,9,C,1
8065,COBBOSSEECONTEE (LT),1,1999-05-21,CW,27.59,4,C,1
8065,COBBOSSEECONTEE (LT),1,1999-06-22,CW,58.1,3,C,1
8065,COBBOSSEECONTEE (LT),1,1999-07-19,CW,15.92,3,C,1
8065,COBBOSSEECONTEE (LT),1,1999-08-20,CW,5.31,4,C,1
8065,COBBOSSEECONTEE (LT),1,1999-09-27,CW,11.8,5,C,1
8065,COBBOSSEECONTEE (LT),1,1999-10-26,CW,9.65,9,C,1
8065,COBBOSSEECONTEE (LT),1,2000-05-15,CW,5.1,3,C,1
8065,COBBOSSEECONTEE (LT),1,2000-06-13,CW,15,5,C,1
8065,COBBOSSEECONTEE (LT),1,2000-07-12,CW,11,3,C,1
8065,COBBOSSEECONTEE (LT),1,2000-08-11,CW,7.9,3,C,1
8065,COBBOSSEECONTEE (LT),1,2000-09-18,CW,11.6,4,C,1
8065,COBBOSSEECONTEE (LT),1,2000-10-13,CW,12.9,7,C,1
8065,COBBOSSEECONTEE (LT),1,2001-05-18,CW,16.6,4,C,1
8065,COBBOSSEECONTEE (LT),1,2001-06-18,CW,8.4,4,C,1
8065,COBBOSSEECONTEE (LT),1,2001-07-18,CW,3.9,3,C,1
8065,COBBOSSEECONTEE (LT),1,2001-08-20,CW,4,4,C,1
8065,COBBOSSEECONTEE (LT),1,2001-09-11,CW,8.7,5,C,1
8065,COBBOSSEECONTEE (LT),1,2001-10-18,CW,9.7,7,C,1
8065,COBBOSSEECONTEE (LT),1,2002-04-19,CW,4.6,9,C,1
8065,COBBOSSEECONTEE (LT),1,2002-05-17,CW,2.5,9,C,1
8065,COBBOSSEECONTEE (LT),1,2002-05-31,CW,8.5,4,C,1
8065,COBBOSSEECONTEE (LT),1,2002-06-14,CW,9.8,5,C,1
8065,COBBOSSEECONTEE (LT),1,2002-07-02,EI,7.3,3,C,1
8065,COBBOSSEECONTEE (LT),1,2002-07-18,CW,7.7,3,C,1
8065,COBBOSSEECONTEE (LT),1,2002-08-07,CW,13.6,4,C,1
8065,COBBOSSEECONTEE (LT),1,2002-08-23,CW,15.6,4,C,1
8065,COBBOSSEECONTEE (LT),1,2002-09-06,CW,11.4,4,C,1
8065,COBBOSSEECONTEE (LT),1,2002-09-25,CW,14.6,4,C,1
8065,COBBOSSEECONTEE (LT),1,2002-10-21,CW,10.9,9,C,1
8065,COBBOSSEECONTEE (LT),1,2002-11-12,CW,7.7,9,C,1
8065,COBBOSSEECONTEE (LT),1,2003-05-29,CW,9.9,5,C,1
8065,COBBOSSEECONTEE (LT),1,2003-06-23,CW,11.4,4,C,1
8065,COBBOSSEECONTEE (LT),1,2003-07-25,CW,27.5,4,C,1
8065,COBBOSSEECONTEE (LT),1,2003-08-27,CW,16.3,4,C,1
8065,COBBOSSEECONTEE (LT),1,2003-09-30,CW,9.3,4,C,1
8065,COBBOSSEECONTEE (LT),1,2003-10-30,CW,8.9,8,C,1
8065,COBBOSSEECONTEE (LT),1,2004-06-07,CW,5.7,5,C,1
8065,COBBOSSEECONTEE (LT),1,2004-06-25,CW,8.1,4,C,1
8065,COBBOSSEECONTEE (LT),1,2004-07-30,CW,7.1,4,C,1
8065,COBBOSSEECONTEE (LT),1,2004-08-20,CW,5.2,4,C,2
8065,COBBOSSEECONTEE (LT),1,2004-08-20,CW,12.1,4,C,1
8065,COBBOSSEECONTEE (LT),1,2004-10-01,CW,14.2,5,C,1
8065,COBBOSSEECONTEE (LT),1,2005-06-07,CW,7,8,C,1
8065,COBBOSSEECONTEE (LT),1,2005-07-11,CW,7.1,3,C,1
8065,COBBOSSEECONTEE (LT),1,2005-08-02,CW,6.6,4,C,1
8065,COBBOSSEECONTEE (LT),1,2005-09-06,CW,12.1,5,C,1
8065,COBBOSSEECONTEE (LT),1,2005-10-06,CW,7.2,5,C,1
8065,COBBOSSEECONTEE (LT),1,2005-10-31,CW,8.2,9,C,1
8065,COBBOSSEECONTEE (LT),1,2006-07-31,CW,4,3,C,1
8065,COBBOSSEECONTEE (LT),1,2006-08-30,CW,10,4,C,1
8065,COBBOSSEECONTEE (LT),1,2007-05-31,CW,7.9,3,C,1
8065,COBBOSSEECONTEE (LT),1,2007-06-28,CW,5.1,3,C,1
8065,COBBOSSEECONTEE (LT),1,2007-07-27,CW,3.5,3,C,1
8065,COBBOSSEECONTEE (LT),1,2007-08-28,CW,11,5,C,1
8065,COBBOSSEECONTEE (LT),1,2008-05-30,EI,3.6,4,C,1
8065,COBBOSSEECONTEE (LT),1,2008-06-26,CW,8,4,C,1
8065,COBBOSSEECONTEE (LT),1,2008-07-31,CW,5.2,0.5,G,1
8065,COBBOSSEECONTEE (LT),1,2008-08-22,CW,21,3,C,1
8065,COBBOSSEECONTEE (LT),1,2008-09-29,CW,9.5,5,C,1
8065,COBBOSSEECONTEE (LT),1,2008-10-22,CW,11,7,C,1
8065,COBBOSSEECONTEE (LT),1,2009-06-10,CW,6.8,3,C,1
8065,COBBOSSEECONTEE (LT),1,2009-07-13,CW,7.1,3,C,1
8065,COBBOSSEECONTEE (LT),1,2009-08-04,CW,24,2.5,C,1
8065,COBBOSSEECONTEE (LT),1,2009-09-14,CW,14,3,C,1
8065,COBBOSSEECONTEE (LT),1,2009-10-21,CW,8.1,9,C,1
8065,COBBOSSEECONTEE (LT),1,2010-05-25,cw,9.5,4,C,1
8065,COBBOSSEECONTEE (LT),1,2010-06-22,cw,4,3.5,C,1
8065,COBBOSSEECONTEE (LT),1,2010-07-23,cw,5.9,4,C,1
8065,COBBOSSEECONTEE (LT),1,2010-08-11,cw,13,4,C,1
8065,COBBOSSEECONTEE (LT),1,2010-09-10,cw,17,3.5,C,1
8065,COBBOSSEECONTEE (LT),1,2010-10-29,cw,23,8,C,1
8065,COBBOSSEECONTEE (LT),1,2011-06-03,cw,15,3,C,1
8065,COBBOSSEECONTEE (LT),1,2011-06-28,cw,9.2,3,C,1
8065,COBBOSSEECONTEE (LT),1,2011-07-28,cw,5.3,3.5,C,1
8065,COBBOSSEECONTEE (LT),1,2011-08-23,cw,14,3,C,1
8065,COBBOSSEECONTEE (LT),1,2011-10-12,cw,7,5,C,1
8065,COBBOSSEECONTEE (LT),1,2012-06-14,cw,3.5,3,C,1
8065,COBBOSSEECONTEE (LT),1,2012-07-19,cw,5.5,3,C,1
8065,COBBOSSEECONTEE (LT),1,2012-08-20,cw,6.7,3,C,1
8065,COBBOSSEECONTEE (LT),1,2012-09-20,cw,27,4,C,1
8065,COBBOSSEECONTEE (LT),1,2013-07-10,cw,4.9,2.5,C,1
8065,COBBOSSEECONTEE (LT),1,2013-08-12,cw,5.1,3,C,1
8065,COBBOSSEECONTEE (LT),1,2013-09-18,cw,18,4.5,C,1
8065,COBBOSSEECONTEE (LT),1,2014-05-30,CW,3.7,5,C,1
8065,COBBOSSEECONTEE (LT),1,2014-06-23,CW,3.2,4,C,2
8065,COBBOSSEECONTEE (LT),1,2014-06-23,CW,4.1,4,C,1
8065,COBBOSSEECONTEE (LT),1,2014-07-17,CW,7.2,4,C,1
8065,COBBOSSEECONTEE (LT),1,2014-08-14,CW,9.9,3.5,C,1
8065,COBBOSSEECONTEE (LT),1,2014-10-07,CW,17,5,C,2
8065,COBBOSSEECONTEE (LT),1,2014-10-07,CW,14,5,C,1
8065,COBBOSSEECONTEE (LT),1,2015-06-03,CW,9.1,5,C,1
8065,COBBOSSEECONTEE (LT),1,2015-06-17,CW,9.1,4,C,1
8065,COBBOSSEECONTEE (LT),1,2015-07-23,CW,15,4,C,1
8065,COBBOSSEECONTEE (LT),1,2015-08-17,CW,5.7,4,C,1
8065,COBBOSSEECONTEE (LT),1,2015-09-25,CW,11,4,C,1
8065,COBBOSSEECONTEE (LT),1,2016-05-11,CW,1.4,7,C,1
8065,COBBOSSEECONTEE (LT),1,2016-06-07,CW,3.8,4,C,1
8065,COBBOSSEECONTEE (LT),1,2016-07-12,CW,2.9,4,C,1
8065,COBBOSSEECONTEE (LT),1,2016-08-15,CW,14,4,C,1
8065,COBBOSSEECONTEE (LT),1,2016-09-12,CW,11,4,C,1
8065,COBBOSSEECONTEE (LT),1,2016-11-02,CW,19,8,C,1
8065,COBBOSSEECONTEE (LT),1,2017-05-30,CW,4.7,4,C,1
8065,COBBOSSEECONTEE (LT),1,2017-06-22,CW,3.8,3.5,C,1
8065,COBBOSSEECONTEE (LT),1,2017-08-11,CW,5.2,4,C,1
8065,COBBOSSEECONTEE (LT),1,2017-09-14,CW,12,4.5,C,1
8065,COBBOSSEECONTEE (LT),1,2017-10-12,CW,7.5,5,C,1
8065,COBBOSSEECONTEE (LT),1,2018-05-31,CW,2,4,C,1
8065,COBBOSSEECONTEE (LT),1,2018-06-29,CW,8,3.5,C,1
8065,COBBOSSEECONTEE (LT),1,2018-07-19,CW,6,3.5,C,1
8065,COBBOSSEECONTEE (LT),1,2018-08-28,CW,13,4,C,1
8065,COBBOSSEECONTEE (LT),1,2018-09-27,CW,7,5,C,1
8065,COBBOSSEECONTEE (LT),1,2018-11-09,CW,10,8,C,1
8065,COBBOSSEECONTEE (LT),1,2019-06-26,CW,10,3,C,1
8065,COBBOSSEECONTEE (LT),1,2019-08-26,CW,7,4,C,1
8065,COBBOSSEECONTEE (LT),1,2019-09-27,CW,15,4,C,1
8065,COBBOSSEECONTEE (LT),1,2019-10-24,CW,23,6,C,1
9961,ANNABESSACOOK L,2,1998-05-20,CW,3.56,6,C,1
9961,ANNABESSACOOK L,1,1998-05-20,CW,4.56,5,C,1
9961,ANNABESSACOOK L,1,1998-06-22,CW,3.83,10,C,1
9961,ANNABESSACOOK L,2,1998-06-22,CW,4.01,5,C,1
9961,ANNABESSACOOK L,2,1998-07-22,CW,5.32,4,C,1
9961,ANNABESSACOOK L,1,1998-07-22,CW,17.97,4,C,1
9961,ANNABESSACOOK L,1,1998-08-21,CW,9.73,6,C,1
9961,ANNABESSACOOK L,2,1998-08-21,CW,8.29,6,C,1
9961,ANNABESSACOOK L,2,1998-09-11,CW,22.57,5,C,1
9961,ANNABESSACOOK L,1,1998-09-11,CW,20.36,8,C,1
9961,ANNABESSACOOK L,1,1998-10-26,CW,15.17,10,C,1
9961,ANNABESSACOOK L,2,1998-10-26,CW,19.71,5,C,1
9961,ANNABESSACOOK L,1,1999-05-25,CW,5.31,8,C,1
9961,ANNABESSACOOK L,2,1999-05-25,CW,5.78,5.5,C,1
9961,ANNABESSACOOK L,2,1999-06-15,CW,5.87,5,C,1
9961,ANNABESSACOOK L,1,1999-06-15,CW,6.12,6,C,1
9961,ANNABESSACOOK L,2,1999-07-13,CW,5.66,5,C,1
9961,ANNABESSACOOK L,1,1999-07-13,CW,5.96,7,C,1
9961,ANNABESSACOOK L,1,1999-08-16,CW,36.4,7,C,1
9961,ANNABESSACOOK L,2,1999-08-16,CW,31.1,6,C,1
9961,ANNABESSACOOK L,1,1999-09-20,CW,14.3,10,C,1
9961,ANNABESSACOOK L,2,1999-09-20,CW,20.9,7,C,1
9961,ANNABESSACOOK L,1,1999-10-21,CW,13.6,10,C,1
9961,ANNABESSACOOK L,2,1999-10-21,CW,7.5,6,C,1
9961,ANNABESSACOOK L,2,2000-05-31,CW,5.2,5,C,1
9961,ANNABESSACOOK L,1,2000-05-31,CW,5.2,10,C,1
9961,ANNABESSACOOK L,1,2000-06-27,CW,6,10,C,1
9961,ANNABESSACOOK L,2,2000-06-27,CW,5.2,5,C,1
9961,ANNABESSACOOK L,1,2000-07-19,CW,5.9,7,C,1
9961,ANNABESSACOOK L,2,2000-07-19,CW,4,6,C,1
9961,ANNABESSACOOK L,1,2000-08-22,CW,5.8,7,C,1
9961,ANNABESSACOOK L,2,2000-08-22,CW,5.4,6,C,1
9961,ANNABESSACOOK L,1,2000-09-25,CW,14.3,10,C,1
9961,ANNABESSACOOK L,2,2000-09-25,CW,17.4,6,C,1
9961,ANNABESSACOOK L,2,2000-10-24,CW,12,5,C,1
9961,ANNABESSACOOK L,1,2000-10-24,CW,14.8,10,C,1
9961,ANNABESSACOOK L,2,2001-05-02,CW,2.3,6,C,1
9961,ANNABESSACOOK L,1,2001-05-02,CW,4.9,10,C,1
9961,ANNABESSACOOK L,1,2001-05-16,CW,8.5,8,C,1
9961,ANNABESSACOOK L,2,2001-05-16,CW,12.6,6,C,1
9961,ANNABESSACOOK L,2,2001-06-01,CW,5,5,C,1
9961,ANNABESSACOOK L,2,2001-06-13,CW,6.7,6,C,1
9961,ANNABESSACOOK L,1,2001-06-13,CW,3.5,4,C,1
9961,ANNABESSACOOK L,2,2001-06-25,CW,4.5,6,C,1
9961,ANNABESSACOOK L,1,2001-06-25,CW,4.9,6,C,1
9961,ANNABESSACOOK L,1,2001-07-13,CW,10.9,7,C,1
9961,ANNABESSACOOK L,2,2001-07-13,CW,3.2,6,C,1
9961,ANNABESSACOOK L,2,2001-07-25,CW,3.2,6,C,1
9961,ANNABESSACOOK L,1,2001-07-25,CW,3.1,7,C,1
9961,ANNABESSACOOK L,2,2001-08-07,CW,3,5,C,1
9961,ANNABESSACOOK L,1,2001-08-07,CW,3.2,6,C,1
9961,ANNABESSACOOK L,2,2001-08-21,CW,9.1,5,C,1
9961,ANNABESSACOOK L,1,2001-08-21,CW,7.3,6,C,1
9961,ANNABESSACOOK L,1,2001-09-05,CW,16.6,8,C,1
9961,ANNABESSACOOK L,2,2001-09-05,CW,23.1,6,C,1
9961,ANNABESSACOOK L,1,2001-09-19,CW,26.3,8,C,1
9961,ANNABESSACOOK L,2,2001-09-19,CW,26.5,5,C,1
9961,ANNABESSACOOK L,1,2001-10-01,CW,20.1,9,C,1
9961,ANNABESSACOOK L,2,2001-10-01,CW,21.7,6,C,1
9961,ANNABESSACOOK L,1,2001-10-16,CW,13.7,10,C,1
9961,ANNABESSACOOK L,2,2001-10-16,CW,14.2,5,C,1
9961,ANNABESSACOOK L,1,2002-05-24,CW,4,10,C,1
9961,ANNABESSACOOK L,2,2002-05-24,CW,3.3,6,C,1
9961,ANNABESSACOOK L,1,2002-06-24,CW,6,5,C,1
9961,ANNABESSACOOK L,2,2002-06-24,CW,5.3,5,C,1
9961,ANNABESSACOOK L,1,2002-07-23,CW,5.5,6,C,1
9961,ANNABESSACOOK L,2,2002-07-23,CW,3.2,6,C,1
9961,ANNABESSACOOK L,1,2002-08-27,CW,6.2,7,C,1
9961,ANNABESSACOOK L,2,2002-08-27,CW,11.2,6,C,1
9961,ANNABESSACOOK L,2,2002-09-18,CW,10.7,6,C,1
9961,ANNABESSACOOK L,1,2002-09-18,CW,9.1,10,C,1
9961,ANNABESSACOOK L,1,2002-10-25,CW,14.7,10,C,1
9961,ANNABESSACOOK L,2,2002-10-25,CW,10.9,5,C,1
9961,ANNABESSACOOK L,2,2003-05-26,CW,4.5,6,C,1
9961,ANNABESSACOOK L,2,2003-06-24,CW,3.8,6,C,1
9961,ANNABESSACOOK L,1,2003-06-24,CW,3.8,9,C,1
9961,ANNABESSACOOK L,1,2003-07-22,CW,4.7,7,C,1
9961,ANNABESSACOOK L,2,2003-07-22,CW,3.6,5,C,1
9961,ANNABESSACOOK L,1,2003-08-22,CW,5.8,6,C,1
9961,ANNABESSACOOK L,2,2003-08-22,CW,4,5,C,1
9961,ANNABESSACOOK L,1,2003-09-15,CW,14.9,8,C,1
9961,ANNABESSACOOK L,2,2003-09-15,CW,17.7,5,C,1
9961,ANNABESSACOOK L,2,2003-11-07,CW,4,5,C,1
9961,ANNABESSACOOK L,1,2003-11-07,CW,5,10,C,1
9961,ANNABESSACOOK L,1,2004-05-25,cw,7.2,8,C,1
9961,ANNABESSACOOK L,2,2004-05-25,CW,3.9,5,C,1
9961,ANNABESSACOOK L,2,2004-06-23,CW,3,5,C,1
9961,ANNABESSACOOK L,1,2004-06-23,CW,3.8,6,C,1
9961,ANNABESSACOOK L,1,2004-07-23,cw,4.9,7,C,1
9961,ANNABESSACOOK L,2,2004-07-23,CW,2.9,5,C,1
9961,ANNABESSACOOK L,1,2004-08-17,CW,5,7,C,1
9961,ANNABESSACOOK L,2,2004-08-17,CW,5.2,5,C,1
9961,ANNABESSACOOK L,2,2004-09-23,CW,17.1,5,C,1
9961,ANNABESSACOOK L,1,2004-09-23,CW,30.4,9,C,1
9961,ANNABESSACOOK L,1,2004-10-26,CW,10.2,10,C,1
9961,ANNABESSACOOK L,2,2004-10-26,CW,6.9,5,C,1
9961,ANNABESSACOOK L,2,2005-05-19,CW,4.9,6,C,1
9961,ANNABESSACOOK L,1,2005-05-19,CW,5,10,C,1
9961,ANNABESSACOOK L,1,2005-06-27,CW,6.5,5,C,1
9961,ANNABESSACOOK L,2,2005-06-27,CW,4.7,4,C,1
9961,ANNABESSACOOK L,1,2005-07-20,CW,3.9,4,C,1
9961,ANNABESSACOOK L,2,2005-07-20,CW,3.1,4,C,1
9961,ANNABESSACOOK L,1,2005-08-17,CW,7.8,6,C,1
9961,ANNABESSACOOK L,2,2005-08-17,CW,3,5,C,1
9961,ANNABESSACOOK L,1,2005-09-22,CW,6.5,7,C,1
9961,ANNABESSACOOK L,2,2005-09-22,CW,6.4,6,C,1
9961,ANNABESSACOOK L,2,2005-10-21,CW,4.6,6,C,1
9961,ANNABESSACOOK L,1,2005-10-21,CW,4.8,10,C,1
9961,ANNABESSACOOK L,1,2006-05-05,CW,2,10,C,1
9961,ANNABESSACOOK L,2,2006-05-05,CW,3.1,5,C,1
9961,ANNABESSACOOK L,2,2006-06-08,CW,4.1,5,C,1
9961,ANNABESSACOOK L,1,2006-06-08,CW,4.7,8,C,1
9961,ANNABESSACOOK L,1,2006-07-07,CW,9.5,7,C,1
9961,ANNABESSACOOK L,2,2006-07-07,CW,4.7,5,C,1
9961,ANNABESSACOOK L,1,2006-08-04,cw,7.5,5,C,1
9961,ANNABESSACOOK L,2,2006-08-04,CW,14,5,C,1
9961,ANNABESSACOOK L,2,2006-09-11,CW,9.9,5,C,1
9961,ANNABESSACOOK L,1,2006-09-11,CW,13,8,C,1
9961,ANNABESSACOOK L,2,2006-10-16,CW,18,5,C,1
9961,ANNABESSACOOK L,1,2006-10-16,CW,10,10,C,1
9961,ANNABESSACOOK L,1,2007-05-10,CW,2.6,10,C,1
9961,ANNABESSACOOK L,2,2007-05-10,CW,3.1,5,C,1
9961,ANNABESSACOOK L,2,2007-06-05,CW,3.1,3,C,1
9961,ANNABESSACOOK L,1,2007-06-05,CW,3,5,C,1
9961,ANNABESSACOOK L,2,2007-07-02,CW,3.5,5,C,1
9961,ANNABESSACOOK L,1,2007-07-02,CW,3.7,6,C,1
9961,ANNABESSACOOK L,2,2007-08-02,CW,3.1,4,C,1
9961,ANNABESSACOOK L,1,2007-08-02,CW,3.8,4,C,1
9961,ANNABESSACOOK L,1,2007-09-05,CW,7.1,7,C,1
9961,ANNABESSACOOK L,2,2007-09-05,CW,7.8,5,C,1
9961,ANNABESSACOOK L,1,2007-10-05,CW,15,9,C,1
9961,ANNABESSACOOK L,2,2007-10-05,CW,14,5,C,1
9961,ANNABESSACOOK L,2,2008-05-14,CW,6.4,5,C,1
9961,ANNABESSACOOK L,1,2008-05-14,cw,7,8,C,1
9961,ANNABESSACOOK L,1,2008-06-10,cw,3.5,4,C,1
9961,ANNABESSACOOK L,2,2008-06-10,CW,3.3,4,C,1
9961,ANNABESSACOOK L,1,2008-07-07,cw,4.2,6,C,1
9961,ANNABESSACOOK L,2,2008-07-07,CW,3,5,C,1
9961,ANNABESSACOOK L,2,2008-08-05,CW,7.3,5,C,1
9961,ANNABESSACOOK L,1,2008-08-05,cw,6.1,7,C,1
9961,ANNABESSACOOK L,1,2008-09-05,CW,8.4,7,C,1
9961,ANNABESSACOOK L,2,2008-09-05,CW,8.5,5,C,1
9961,ANNABESSACOOK L,2,2008-10-03,CW,12,5,C,1
9961,ANNABESSACOOK L,1,2008-10-03,CW,15,10,C,1
9961,ANNABESSACOOK L,2,2009-05-18,CW,7.2,6,C,1
9961,ANNABESSACOOK L,1,2009-05-18,CW,9,7,C,1
9961,ANNABESSACOOK L,1,2009-06-08,CW,15,6,C,2
9961,ANNABESSACOOK L,2,2009-06-08,CW,2.6,5,C,1
9961,ANNABESSACOOK L,1,2009-06-08,CW,22,6,C,1
9961,ANNABESSACOOK L,2,2009-07-09,CW,5.3,5,C,1
9961,ANNABESSACOOK L,1,2009-07-09,CW,7,8,C,1
9961,ANNABESSACOOK L,2,2009-08-12,CW,7.9,5,C,1
9961,ANNABESSACOOK L,1,2009-08-12,CW,9.3,5,C,1
9961,ANNABESSACOOK L,1,2009-09-10,CW,19,6.5,C,1
9961,ANNABESSACOOK L,2,2009-09-10,CW,14,6,C,1
9961,ANNABESSACOOK L,1,2009-10-14,CW,12,10,C,1
9961,ANNABESSACOOK L,2,2009-10-14,CW,9.4,5.5,C,1
9961,ANNABESSACOOK L,1,2010-05-17,CW,14,10,C,1
9961,ANNABESSACOOK L,2,2010-05-17,CW,9.9,6,C,1
9961,ANNABESSACOOK L,2,2010-06-02,CW,3.6,5,C,1
9961,ANNABESSACOOK L,1,2010-06-02,CW,5.1,5,C,1
9961,ANNABESSACOOK L,1,2010-07-07,CW,4,6,C,1
9961,ANNABESSACOOK L,2,2010-07-07,CW,3,5.5,C,1
9961,ANNABESSACOOK L,2,2010-08-04,CW,7.4,5,C,1
9961,ANNABESSACOOK L,1,2010-08-04,CW,7.3,6,C,1
9961,ANNABESSACOOK L,1,2010-09-09,CW,45,6,C,2
9961,ANNABESSACOOK L,2,2010-09-09,CW,45,5,C,1
9961,ANNABESSACOOK L,1,2010-09-09,CW,46,6,C,1
9961,ANNABESSACOOK L,1,2010-10-05,CW,14,10,C,1
9961,ANNABESSACOOK L,2,2010-10-05,CW,16,5,C,1
9961,ANNABESSACOOK L,1,2011-05-23,CW,4.6,10,C,1
9961,ANNABESSACOOK L,2,2011-05-23,CW,5.7,6,C,1
9961,ANNABESSACOOK L,1,2011-06-08,CW,3.9,5,C,1
9961,ANNABESSACOOK L,2,2011-06-08,CW,3.5,5,C,1
9961,ANNABESSACOOK L,2,2011-07-05,CW,8.8,5,C,1
9961,ANNABESSACOOK L,1,2011-07-05,CW,5.2,5,C,1
9961,ANNABESSACOOK L,1,2011-08-05,CW,9.6,5,C,1
9961,ANNABESSACOOK L,2,2011-08-05,CW,13,5,C,1
9961,ANNABESSACOOK L,1,2011-09-09,CW,21,6.5,C,1
9961,ANNABESSACOOK L,2,2011-09-09,CW,17,5,C,1
9961,ANNABESSACOOK L,2,2012-05-23,CW,3.1,5,C,1
9961,ANNABESSACOOK L,1,2012-05-23,CW,4.7,6,C,1
9961,ANNABESSACOOK L,2,2012-06-15,CW,2.9,5,C,1
9961,ANNABESSACOOK L,1,2012-06-15,CW,3.6,6,C,1
9961,ANNABESSACOOK L,2,2012-07-12,CW,3.1,4.5,C,1
9961,ANNABESSACOOK L,1,2012-07-12,CW,3.3,4.5,C,1
9961,ANNABESSACOOK L,1,2012-08-21,CW,7.8,5,C,1
9961,ANNABESSACOOK L,2,2012-08-21,CW,8.2,5,C,1
9961,ANNABESSACOOK L,1,2012-09-17,CW,23,7,C,1
9961,ANNABESSACOOK L,2,2012-09-17,CW,17,5,C,1
9961,ANNABESSACOOK L,1,2012-10-24,CW,22,9,C,1
9961,ANNABESSACOOK L,2,2012-10-24,CW,38,5,C,1
9961,ANNABESSACOOK L,2,2013-05-23,CW,4.9,6,C,1
9961,ANNABESSACOOK L,1,2013-05-23,CW,6.7,9,C,1
9961,ANNABESSACOOK L,2,2013-06-14,CW,4.6,5,C,1
9961,ANNABESSACOOK L,1,2013-06-14,CW,4.5,7,C,1
9961,ANNABESSACOOK L,1,2013-07-02,CW,12,5,C,1
9961,ANNABESSACOOK L,2,2013-07-02,CW,10.4,4,C,1
9961,ANNABESSACOOK L,1,2013-08-05,CW,11,4,C,1
9961,ANNABESSACOOK L,2,2013-08-05,CW,11,4,C,1
9961,ANNABESSACOOK L,2,2013-08-20,CW,9.1,5,C,1
9961,ANNABESSACOOK L,1,2013-08-20,CW,13,5,C,1
9961,ANNABESSACOOK L,1,2013-09-04,CW,9.1,5,C,1
9961,ANNABESSACOOK L,1,2013-09-20,CW,9.7,7,C,1
9961,ANNABESSACOOK L,2,2013-09-20,CW,5.7,5,C,1
9961,ANNABESSACOOK L,1,2013-10-10,CW,9.6,8,C,1
9961,ANNABESSACOOK L,2,2014-05-22,CW,4.3,5,C,1
9961,ANNABESSACOOK L,1,2014-05-22,CW,17,8,C,1
9961,ANNABESSACOOK L,1,2014-06-25,CW,11,6,C,1
9961,ANNABESSACOOK L,2,2014-06-25,CW,3.1,5.5,C,1
9961,ANNABESSACOOK L,1,2014-07-24,CW,6.1,5.5,C,1
9961,ANNABESSACOOK L,2,2014-07-24,CW,6.8,5,C,1
9961,ANNABESSACOOK L,1,2014-08-06,CW,9.1,5.5,C,1
9961,ANNABESSACOOK L,2,2014-08-06,CW,11,5.5,C,1
9961,ANNABESSACOOK L,2,2014-08-20,CW,14,5,C,1
9961,ANNABESSACOOK L,1,2014-09-05,CW,13,5,C,1
9961,ANNABESSACOOK L,2,2014-10-06,CW,14,5,C,1
9961,ANNABESSACOOK L,1,2014-10-06,CW,14,8,C,1
9961,ANNABESSACOOK L,2,2015-05-21,CW,5.8,5,C,1
9961,ANNABESSACOOK L,1,2015-05-21,CW,13,7,C,1
9961,ANNABESSACOOK L,1,2015-06-15,CW,2.9,6,C,1
9961,ANNABESSACOOK L,2,2015-06-15,CW,5.4,5,C,1
9961,ANNABESSACOOK L,1,2015-07-06,CW,10,6,C,1
9961,ANNABESSACOOK L,2,2015-07-06,CW,5.4,5,C,1
9961,ANNABESSACOOK L,1,2015-07-16,CW,5.8,6,C,1
9961,ANNABESSACOOK L,2,2015-07-16,CW,6.2,5,C,1
9961,ANNABESSACOOK L,1,2015-08-11,CW,9.1,5.5,C,1
9961,ANNABESSACOOK L,2,2015-08-11,CW,10,5.5,C,1
9961,ANNABESSACOOK L,1,2015-09-09,CW,17,5,C,1
9961,ANNABESSACOOK L,2,2015-09-09,CW,13,5,C,1
9961,ANNABESSACOOK L,2,2015-10-08,CW,15,6,C,1
9961,ANNABESSACOOK L,1,2015-10-08,CW,17,10,C,1
9961,ANNABESSACOOK L,2,2016-05-04,CW,1.6,6,C,1
9961,ANNABESSACOOK L,1,2016-05-04,CW,2.6,10,C,1
9961,ANNABESSACOOK L,1,2016-06-01,CW,2.8,5,C,1
9961,ANNABESSACOOK L,2,2016-06-01,CW,2.2,4,C,1
9961,ANNABESSACOOK L,1,2016-06-16,CW,3.8,8,C,1
9961,ANNABESSACOOK L,2,2016-07-06,CW,2.5,5.5,C,1
9961,ANNABESSACOOK L,1,2016-07-06,CW,2.3,6,C,1
9961,ANNABESSACOOK L,2,2016-08-03,CW,2.9,5,C,1
9961,ANNABESSACOOK L,1,2016-08-03,CW,2.3,5,C,1
9961,ANNABESSACOOK L,1,2016-08-17,CW,11,4,C,1
9961,ANNABESSACOOK L,2,2016-08-31,CW,16.9,5,C,2
9961,ANNABESSACOOK L,1,2016-08-31,CW,11,7,C,1
9961,ANNABESSACOOK L,2,2016-08-31,CW,13,5,C,1
9961,ANNABESSACOOK L,1,2016-09-29,CW,16,8,C,1
9961,ANNABESSACOOK L,2,2016-09-29,CW,20,5,C,1
9961,ANNABESSACOOK L,2,2016-10-19,CW,8.9,5,C,1
9961,ANNABESSACOOK L,1,2016-10-19,CW,7.3,9,C,1
9961,ANNABESSACOOK L,1,2017-05-12,CW,6.3,9,C,1
9961,ANNABESSACOOK L,2,2017-05-12,CW,5.8,6,C,1
9961,ANNABESSACOOK L,1,2017-06-08,CW,3.7,8,C,1
9961,ANNABESSACOOK L,2,2017-06-08,CW,3.3,6,C,1
9961,ANNABESSACOOK L,1,2017-07-06,CW,3.6,6,C,1
9961,ANNABESSACOOK L,2,2017-07-06,CW,2.7,5,C,1
9961,ANNABESSACOOK L,1,2017-07-19,CW,3.9,6,C,1
9961,ANNABESSACOOK L,1,2017-07-31,CW,4,5.5,C,1
9961,ANNABESSACOOK L,2,2017-07-31,CW,9.7,5,C,1
9961,ANNABESSACOOK L,1,2017-08-15,CW,13,6,C,1
9961,ANNABESSACOOK L,2,2017-08-30,CW,20,5.5,C,1
9961,ANNABESSACOOK L,1,2017-08-30,CW,8.9,6,C,1
9961,ANNABESSACOOK L,1,2017-09-27,CW,13,7,C,1
9961,ANNABESSACOOK L,2,2017-09-27,CW,14,5,C,1
9961,ANNABESSACOOK L,1,2017-11-01,CW,12,9,C,1
9961,ANNABESSACOOK L,2,2017-11-01,CW,11,5,C,1
9961,ANNABESSACOOK L,1,2018-05-21,CW,7,8,C,1
9961,ANNABESSACOOK L,2,2018-05-21,CW,4,6,C,1
9961,ANNABESSACOOK L,1,2018-06-08,CW,3,7,C,1
9961,ANNABESSACOOK L,2,2018-06-08,CW,3,5,C,1
9961,ANNABESSACOOK L,2,2018-06-20,CW,4,5,C,1
9961,ANNABESSACOOK L,1,2018-06-20,CW,3,6,C,1
9961,ANNABESSACOOK L,2,2018-07-02,CW,4,5,C,1
9961,ANNABESSACOOK L,1,2018-07-02,CW,7,7,C,1
9961,ANNABESSACOOK L,2,2018-07-18,CW,5,5.5,C,1
9961,ANNABESSACOOK L,1,2018-07-18,CW,4,6,C,1
9961,ANNABESSACOOK L,2,2018-08-01,CW,8,5,C,1
9961,ANNABESSACOOK L,1,2018-08-01,CW,7,6,C,1
9961,ANNABESSACOOK L,1,2018-08-14,CW,16,5,C,1
9961,ANNABESSACOOK L,2,2018-08-14,CW,21,4.5,C,1
9961,ANNABESSACOOK L,1,2018-08-29,CW,15,6,C,1
9961,ANNABESSACOOK L,2,2018-08-29,CW,18,5,C,1
9961,ANNABESSACOOK L,1,2018-09-12,CW,13,7,C,1
9961,ANNABESSACOOK L,2,2018-09-12,CW,10,5.5,C,1
9961,ANNABESSACOOK L,2,2018-09-25,CW,9,6,C,1
9961,ANNABESSACOOK L,1,2018-09-25,CW,10,8,C,1
9961,ANNABESSACOOK L,2,2018-10-09,CW,15,6,C,1
9961,ANNABESSACOOK L,1,2018-10-09,CW,15,9,C,1
9961,ANNABESSACOOK L,2,2018-10-25,CW,13,5,C,1
9961,ANNABESSACOOK L,1,2018-10-25,CW,20,9,C,1
9961,ANNABESSACOOK L,1,2019-05-13,CW,13,9,C,1
9961,ANNABESSACOOK L,2,2019-05-13,CW,4,5.5,C,1
9961,ANNABESSACOOK L,2,2019-06-17,CW,3,5,C,1
9961,ANNABESSACOOK L,1,2019-06-17,CW,4,5,C,1
9961,ANNABESSACOOK L,2,2019-07-08,CW,,99.9,C,1
9961,ANNABESSACOOK L,2,2019-07-08,CW,5,5,C,9
9961,ANNABESSACOOK L,1,2019-07-08,CW,10,5,C,1
9961,ANNABESSACOOK L,2,2019-08-06,CW,4,5,C,1
9961,ANNABESSACOOK L,1,2019-08-06,CW,4,5,C,1
9961,ANNABESSACOOK L,1,2019-09-05,CW,11,6.5,C,1
9961,ANNABESSACOOK L,2,2019-09-05,CW,13,5.5,C,1
9961,ANNABESSACOOK L,1,2019-10-03,CW,8,8.5,C,1
9961,ANNABESSACOOK L,2,2019-10-03,CW,10,5.5,C,1
9961,ANNABESSACOOK L,2,2020-06-18,CW,2,5,C,1
9961,ANNABESSACOOK L,1,2020-06-18,CW,3,7,C,1
9961,ANNABESSACOOK L,1,2020-07-09,CW,4,6,C,1
9961,ANNABESSACOOK L,2,2020-07-09,CW,5,5.5,C,1
9961,ANNABESSACOOK L,1,2020-08-07,CW,10,5.5,C,1
9961,ANNABESSACOOK L,2,2020-08-07,CW,10,5,C,1
9961,ANNABESSACOOK L,1,2020-09-15,CW,10,8,C,1
9961,ANNABESSACOOK L,2,2020-09-15,CW,11,5,C,1
9961,ANNABESSACOOK L,1,2020-10-15,CW,21,9,C,1
9961,ANNABESSACOOK L,2,2020-10-15,CW,21,5,C,1
